partition,family,method,folds,models,primary,mean_fold_session_mae,mean_fold_session_mse,minimum_fold_session_mae,maximum_fold_session_mae,mean_fold_rank_ic,mean_fold_direction_accuracy,selected_initial,stopped_early,mean_fold_delta_zero,mean_fold_delta_parent,mean_fold_delta_initial_policy,mean_fold_delta_center,mean_fold_mae_zero,mean_fold_mae_parent,mean_fold_mae_initial_policy,mean_fold_mae_center
calibration,dlinear,expected,4,12,median,0.014954014778390087,0.0005624945552931294,0.014156286061331324,0.0157751913247463,-0.0006268764490999485,0.20684529333242288,9,12,0.0003819951333743699,0.00011314167606953439,3.4286513957244903e-05,8.65596532751775e-05,0.014572019645015716,0.01484087310232055,0.01491972826443284,0.014867455125114908
calibration,dlinear,klpo_exact,4,12,median,0.01491972826443284,0.0005603300127727076,0.014156286061331324,0.0157751913247463,-0.002222600595883753,0.18921193441117679,12,12,0.000347708619417125,7.885516211228948e-05,0.0,7.885516211228948e-05,0.014572019645015716,0.01484087310232055,0.01491972826443284,0.01484087310232055
calibration,dlinear,klpo_full,4,12,median,0.01491972826443284,0.0005603300127727076,0.014156286061331324,0.0157751913247463,-0.002222600595883753,0.18921193441117679,12,12,0.000347708619417125,7.885516211228948e-05,0.0,7.885516211228948e-05,0.014572019645015716,0.01484087310232055,0.01491972826443284,0.01484087310232055
calibration,dlinear,klpo_mc,4,12,median,0.01491972826443284,0.0005603300127727076,0.014156286061331324,0.0157751913247463,-0.002222600595883753,0.18921193441117679,12,12,0.000347708619417125,7.885516211228948e-05,0.0,7.885516211228948e-05,0.014572019645015716,0.01484087310232055,0.01491972826443284,0.01484087310232055
calibration,dlinear,mae,4,12,median,0.014949796108447133,0.0005619264550853579,0.014156286061331324,0.0157751913247463,-0.0001900679097142906,0.20243483927943365,9,12,0.0003777764634314173,0.00010892300612658172,3.006784401429224e-05,8.091417612426051e-05,0.014572019645015716,0.01484087310232055,0.01491972826443284,0.014868881932322872
calibration,dlinear,neural_mae,4,12,median,0.014574555362409947,0.0005506137802323112,0.01352573487374446,0.015635013817095516,-0.0009975335857240124,0.006642938810533841,0,12,2.535717394232251e-06,-0.0002663177399106033,-0.0003451729020228928,-4.2150206176122556e-05,0.014572019645015716,0.01484087310232055,0.01491972826443284,0.014616705568586071
calibration,dlinear,neural_mse,4,12,median,0.014579071412470883,0.0005506953176532083,0.013523852738672822,0.01564789742838386,-0.0011001328303415468,0.00907743072043707,0,12,7.051767455166487e-06,-0.00026180168984966907,-0.00034065685196195855,-1.501813343192807e-05,0.014572019645015716,0.01484087310232055,0.01491972826443284,0.01459408954590281
calibration,dlinear,reference,4,12,continuous,0.014955538893324037,0.0005623385783732773,0.014105503698933463,0.01585514791978719,0.003383808557193669,0.5086165699887708,0,12,0.00038351924830832017,,,,0.014572019645015716,0.014955538893324037,,
calibration,dlinear,reference_mae,4,12,continuous,0.014778103098896257,0.0005563968405424495,0.013932473051143628,0.01575570556870812,0.014890088273986298,0.5112982225653679,0,0,0.00020608345388054038,-0.00017743579442777992,,,0.014572019645015716,0.014955538893324037,,
calibration,dlinear,reference_mse,4,12,continuous,0.014891534011009351,0.0005598507099140079,0.014105503698933463,0.01581879992197679,0.006169535525830612,0.5101893997610246,7,0,0.00031951436599363385,-6.400488231468643e-05,,,0.014572019645015716,0.014955538893324037,,
calibration,dlinear,reinforce,4,12,median,0.014944623648693926,0.0005616038699191209,0.014156286061331324,0.0157751913247463,-0.0013864495364833635,0.19507991424911827,10,12,0.00037260400367821,0.0001037505463733744,2.489538426108492e-05,8.251486809050679e-05,0.014572019645015716,0.01484087310232055,0.01491972826443284,0.014862108780603418
calibration,gru,expected,4,12,median,0.015159699922686565,0.0005696741275548014,0.014543473019113342,0.016160427994597635,8.551847247231076e-05,0.21027763250315837,10,12,0.0005876802776708502,0.0001094343502075775,-7.320210578975924e-06,0.00011033507510262043,0.014572019645015716,0.015050265572478988,0.01516702013326554,0.015049364847583945
calibration,gru,klpo_exact,4,12,median,0.01516702013326554,0.0005695673282397612,0.014543473019113342,0.016160427994597635,-0.001694762687713112,0.2073951729859607,12,12,0.0005950004882498261,0.00011675456078655343,0.0,0.00011675456078655343,0.014572019645015716,0.015050265572478988,0.01516702013326554,0.015050265572478988
calibration,gru,klpo_full,4,12,median,0.01516702013326554,0.0005695673282397612,0.014543473019113342,0.016160427994597635,-0.001694762687713112,0.2073951729859607,12,12,0.0005950004882498261,0.00011675456078655343,0.0,0.00011675456078655343,0.014572019645015716,0.015050265572478988,0.01516702013326554,0.015050265572478988
calibration,gru,klpo_mc,4,12,median,0.01516702013326554,0.0005695673282397612,0.014543473019113342,0.016160427994597635,-0.001694762687713112,0.2073951729859607,12,12,0.0005950004882498261,0.00011675456078655343,0.0,0.00011675456078655343,0.014572019645015716,0.015050265572478988,0.01516702013326554,0.015050265572478988
calibration,gru,mae,4,12,median,0.015162384624544552,0.0005700730179219335,0.014522762939433267,0.016160427994597635,-0.00012399124727909515,0.21113312047314992,9,12,0.0005903649795288374,0.0001121190520655646,-4.635508720988829e-06,0.00011838612255631747,0.014572019645015716,0.015050265572478988,0.01516702013326554,0.015043998501988233
calibration,gru,neural_mae,4,12,median,0.014584307637704429,0.0005509822977122007,0.013530759098677621,0.01566174752614761,0.0028562087439683473,0.010382385107423595,0,12,1.2287992688713851e-05,-0.0004659579347745589,-0.0005827124955611123,-3.985168667589411e-05,0.014572019645015716,0.015050265572478988,0.01516702013326554,0.014624159324380322
calibration,gru,neural_mse,4,12,median,0.014602136999539713,0.0005515454428684661,0.013549434544062416,0.0156523294627789,0.00034292828165613347,0.019425986156805297,0,12,3.0117354523998872e-05,-0.00044812857293927393,-0.0005648831337258274,-4.510535570423851e-05,0.014572019645015716,0.015050265572478988,0.01516702013326554,0.014647242355243954
calibration,gru,reference,4,12,continuous,0.015049014547662996,0.0005642421745313497,0.014246222263217026,0.015940757410089473,0.005264625530970254,0.5087146185544339,0,12,0.000476994902647278,,,,0.014572019645015716,0.015049014547662996,,
calibration,gru,reference_mae,4,12,continuous,0.014821981687137739,0.0005570774793947777,0.013958309685476558,0.015861797224671303,0.009866922017347254,0.5083213426858051,0,0,0.0002499620421220218,-0.0002270328605252559,,,0.014572019645015716,0.015049014547662994,,
calibration,gru,reference_mse,4,12,continuous,0.014953599376195701,0.000561179182012407,0.014034617271901341,0.015874815665558383,0.006489467747210042,0.5080129898245221,1,0,0.00038157973117998727,-9.541517146729043e-05,,,0.014572019645015716,0.015049014547662994,,
calibration,gru,reinforce,4,12,median,0.015159059177871793,0.0005694004693858647,0.014543473019113342,0.016160427994597635,-0.0003103841765736415,0.20941041091585813,11,12,0.0005870395328560766,0.00010879360539280383,-7.960955393749602e-06,0.00011296792524066917,0.014572019645015716,0.015050265572478988,0.01516702013326554,0.015046091252631122
calibration,lstm,expected,4,12,median,0.01515825534381941,0.000568841369190475,0.014175041985982783,0.01624742157088603,0.009721381660945843,0.24806221055733332,9,12,0.0005862356988036932,0.00020754976243860993,8.961223636215021e-05,0.00011355853311942186,0.014572019645015716,0.0149507055813808,0.015068643107457258,0.015044696810699988
calibration,lstm,klpo_exact,4,12,median,0.015068643107457258,0.0005668324276140968,0.014175041985982783,0.015962775982475506,0.0073026663697878065,0.22947976859190183,12,12,0.000496623462441543,0.0001179375260764597,0.0,0.0001179375260764597,0.014572019645015716,0.0149507055813808,0.015068643107457258,0.0149507055813808
calibration,lstm,klpo_full,4,12,median,0.015068643107457258,0.0005668324276140968,0.014175041985982783,0.015962775982475506,0.0073026663697878065,0.22947976859190183,12,12,0.000496623462441543,0.0001179375260764597,0.0,0.0001179375260764597,0.014572019645015716,0.0149507055813808,0.015068643107457258,0.0149507055813808
calibration,lstm,klpo_mc,4,12,median,0.015068643107457258,0.0005668324276140968,0.014175041985982783,0.015962775982475506,0.0073026663697878065,0.22947976859190183,12,12,0.000496623462441543,0.0001179375260764597,0.0,0.0001179375260764597,0.014572019645015716,0.0149507055813808,0.015068643107457258,0.0149507055813808
calibration,lstm,mae,4,12,median,0.01510881060017376,0.0005672780893366219,0.014175041985982783,0.016192664739934096,0.010804607596777406,0.23852342578286603,7,12,0.0005367909551580449,0.00015810501879296154,4.016749271650182e-05,0.00010707031032537974,0.014572019645015716,0.0149507055813808,0.015068643107457258,0.015001740289848381
calibration,lstm,neural_mae,4,12,median,0.014676330926889277,0.0005545676976249906,0.013555931129575339,0.0157592510330212,0.0015075133970176163,0.05427697895239057,0,12,0.0001043112818735622,-0.00027437465449152117,-0.00039231218056798084,1.7952479807145485e-05,0.014572019645015716,0.0149507055813808,0.015068643107457258,0.014658378447082133
calibration,lstm,neural_mse,4,12,median,0.014729626657374031,0.0005549334675742449,0.013801083448405355,0.0157406218864398,0.0039449973151237955,0.0707636097678538,1,12,0.00015760701235831534,-0.00022107892400676803,-0.0003390164500832277,3.243537027593865e-05,0.014572019645015716,0.0149507055813808,0.015068643107457258,0.014697191287098092
calibration,lstm,reference,4,12,continuous,0.014958721617962783,0.0005627956196323988,0.01398226860802033,0.015944558271186487,0.005499359382410167,0.5065931998801304,0,12,0.00038670197294706627,,,,0.014572019645015716,0.014958721617962783,,
calibration,lstm,reference_mae,4,12,continuous,0.01489065436132381,0.000560240674921825,0.013957422483952065,0.015924387983669058,0.01251133498461027,0.5079495375203624,6,0,0.00031863471630809594,-6.806725663897064e-05,,,0.014572019645015716,0.014958721617962783,,
calibration,lstm,reference_mse,4,12,continuous,0.014968733150242053,0.0005632070655307148,0.01398226860802033,0.015944558271186487,0.005040610234907877,0.5068491287528467,11,0,0.00039671350522633715,1.001153227927062e-05,,,0.014572019645015716,0.014958721617962783,,
calibration,lstm,reinforce,4,12,median,0.015102574099909772,0.0005674569592206141,0.014175041985982783,0.016098499952285558,0.008614314496610759,0.23528288097866706,11,12,0.0005305544548940553,0.00015186851852897195,3.393099245251226e-05,0.00011976905022713488,0.014572019645015716,0.0149507055813808,0.015068643107457258,0.014982805049682635
calibration,ridge,expected,4,12,median,0.04236042566751122,0.002546652150165371,0.027263272417370265,0.06349186230994133,0.0034403167934294685,0.4952593793733164,0,12,0.0277884060224955,-0.02758728175895377,-0.004948314216886202,-0.013079666427936393,0.014572019645015716,0.06994770742646499,0.04730873988439742,0.05544009209544761
calibration,ridge,klpo_exact,4,12,median,0.01590162407278907,0.0005990427679362352,0.014831876823720353,0.016684025512924833,0.0036364715198977313,0.3249453013784458,0,11,0.00132960442777335,-0.054046083353675924,-0.03140711581160835,0.00010195929114395922,0.014572019645015716,0.06994770742646499,0.04730873988439742,0.015799664781645108
calibration,ridge,klpo_full,4,12,median,0.02119887507153605,0.0008837437467812094,0.016997480003696726,0.031115019371452397,0.00473999322993197,0.406260821192578,0,0,0.006626855426520336,-0.04874883235492894,-0.026109864812861365,-4.104301859009005e-05,0.014572019645015716,0.06994770742646499,0.04730873988439742,0.02123991809012614
calibration,ridge,klpo_mc,4,12,median,0.02122427124736953,0.0008847046342098306,0.017065625210294626,0.031045601337528105,0.004629311848225909,0.40901671532520906,0,0,0.006652251602353813,-0.048723436179095456,-0.02608446863702789,-4.4661106782930586e-05,0.014572019645015716,0.06994770742646499,0.04730873988439742,0.021268932354152458
calibration,ridge,mae,4,12,median,0.040884981598171964,0.002421598467713658,0.025999076028216883,0.06285261550637658,0.01018255821665935,0.49602431448877143,0,12,0.026312961953156248,-0.029062725828293022,-0.006423758286225455,-0.010456429070811164,0.014572019645015716,0.06994770742646499,0.04730873988439742,0.05134141066898313
calibration,ridge,reinforce,4,12,median,0.042432322447027826,0.0025620160710066574,0.0272144322228083,0.06345712336989245,0.011776534856936307,0.49692777401393684,0,12,0.027860302802012106,-0.02751538497943716,-0.004876417437369594,-0.013122152033581613,0.014572019645015716,0.06994770742646499,0.04730873988439742,0.055554474480609434
calibration,ridge,ridge,4,4,continuous,0.06994770742646499,0.007956679008052457,0.029460326438945444,0.13306113557034127,0.009241759128346124,0.5080556920437602,0,0,0.05537568778144927,,,,0.014572019645015716,0.06994770742646499,,
calibration,rnn,expected,4,12,median,0.015071936718891947,0.0005675218316481144,0.01388714564562965,0.016212195981467555,0.0010319691418994468,0.19715258850862696,9,12,0.0004999170738762305,0.00012577557019349077,5.4746336057783917e-05,6.939499310952656e-05,0.014572019645015716,0.014946161148698456,0.015017190382834162,0.01500254172578242
calibration,rnn,klpo_exact,4,12,median,0.015017190382834162,0.0005645553387376083,0.01388714564562965,0.016212195981467555,0.0020871581172592735,0.18536200526518812,12,12,0.0004451707378184466,7.102923413570686e-05,0.0,7.102923413570686e-05,0.014572019645015716,0.014946161148698456,0.015017190382834162,0.014946161148698456
calibration,rnn,klpo_full,4,12,median,0.015017190382834162,0.0005645553387376083,0.01388714564562965,0.016212195981467555,0.0020871581172592735,0.18536200526518812,12,12,0.0004451707378184466,7.102923413570686e-05,0.0,7.102923413570686e-05,0.014572019645015716,0.014946161148698456,0.015017190382834162,0.014946161148698456
calibration,rnn,klpo_mc,4,12,median,0.015017190382834162,0.0005645553387376083,0.01388714564562965,0.016212195981467555,0.0020871581172592735,0.18536200526518812,12,12,0.0004451707378184466,7.102923413570686e-05,0.0,7.102923413570686e-05,0.014572019645015716,0.014946161148698456,0.015017190382834162,0.014946161148698456
calibration,rnn,mae,4,12,median,0.015045545661092084,0.0005661738899699649,0.01388714564562965,0.016212195981467555,0.0005857044318243753,0.19316236470227213,9,12,0.00047352601607636923,9.938451239362945e-05,2.8355278257922592e-05,6.767347215860592e-05,0.014572019645015716,0.014946161148698456,0.015017190382834162,0.01497787218893348
calibration,rnn,neural_mae,4,12,median,0.014703625709552066,0.0005547594610472258,0.013514644429064512,0.01569430838025096,0.0008749448233765161,0.04753271751130835,1,12,0.00013160606453634945,-0.00024253543914639028,-0.0003135646732820972,1.2708456309214487e-05,0.014572019645015716,0.014946161148698456,0.015017190382834162,0.014690917253242852
calibration,rnn,neural_mse,4,12,median,0.014694417817943945,0.0005550278965812016,0.013533971712799414,0.015656153809605857,0.000700682961360939,0.049910988080746295,2,12,0.0001223981729282293,-0.0002517433307545105,-0.0003227725648902173,2.626830782598868e-06,0.014572019645015716,0.014946161148698456,0.015017190382834162,0.014691790987161345
calibration,rnn,reference,4,12,continuous,0.01495591547036401,0.0005616170308184868,0.01407538333445576,0.0159115276357327,0.00478186911218139,0.5073236572057245,0,12,0.00038389582534829615,,,,0.014572019645015716,0.01495591547036401,,
calibration,rnn,reference_mae,4,12,continuous,0.014870513930887577,0.000559351622978522,0.013803719847204448,0.015809666256397542,0.008976720652222117,0.5059901523398551,0,0,0.00029849428587186086,-8.540153947643532e-05,,,0.014572019645015716,0.01495591547036401,,
calibration,rnn,reference_mse,4,12,continuous,0.014977006138842768,0.0005623360437004372,0.014023565702966359,0.0159115276357327,0.004907004237795617,0.507118913669729,9,0,0.0004049864938270532,2.1090668478757073e-05,,,0.014572019645015716,0.01495591547036401,,
calibration,rnn,reinforce,4,12,median,0.015017129592180416,0.0005645466641539742,0.01388714564562965,0.016212195981467555,0.0022677253928518495,0.18711543246151935,11,12,0.0004451099471647006,7.09684434819608e-05,-6.079065374604892e-08,6.937230525814416e-05,0.014572019645015716,0.014946161148698456,0.015017190382834162,0.014947757286922273
calibration,xgboost,expected,4,12,median,0.014571774098573097,0.0005502263325865087,0.013521584760022982,0.015643025008466593,-0.002212926652871053,0.00010181567876656765,12,12,-2.4554644261910753e-07,-2.640708271005834e-06,0.0,-2.640708271005834e-06,0.014572019645015716,0.014574414806844103,0.014571774098573097,0.014574414806844103
calibration,xgboost,klpo_exact,4,12,median,0.014571774098573097,0.0005502263325865087,0.013521584760022982,0.015643025008466593,-0.002212926652871053,0.00010181567876656765,12,12,-2.4554644261910753e-07,-2.640708271005834e-06,0.0,-2.640708271005834e-06,0.014572019645015716,0.014574414806844103,0.014571774098573097,0.014574414806844103
calibration,xgboost,klpo_full,4,12,median,0.014571774098573097,0.0005502263325865087,0.013521584760022982,0.015643025008466593,-0.002212926652871053,0.00010181567876656765,12,12,-2.4554644261910753e-07,-2.640708271005834e-06,0.0,-2.640708271005834e-06,0.014572019645015716,0.014574414806844103,0.014571774098573097,0.014574414806844103
calibration,xgboost,klpo_mc,4,12,median,0.014571774098573097,0.0005502263325865087,0.013521584760022982,0.015643025008466593,-0.002212926652871053,0.00010181567876656765,12,12,-2.4554644261910753e-07,-2.640708271005834e-06,0.0,-2.640708271005834e-06,0.014572019645015716,0.014574414806844103,0.014571774098573097,0.014574414806844103
calibration,xgboost,mae,4,12,median,0.014571774098573097,0.0005502263325865087,0.013521584760022982,0.015643025008466593,-0.002212926652871053,0.00010181567876656765,12,12,-2.4554644261910753e-07,-2.640708271005834e-06,0.0,-2.640708271005834e-06,0.014572019645015716,0.014574414806844103,0.014571774098573097,0.014574414806844103
calibration,xgboost,reinforce,4,12,median,0.014571774098573097,0.0005502263325865087,0.013521584760022982,0.015643025008466593,-0.002212926652871053,0.00010181567876656765,12,12,-2.4554644261910753e-07,-2.640708271005834e-06,0.0,-2.640708271005834e-06,0.014572019645015716,0.014574414806844103,0.014571774098573097,0.014574414806844103
calibration,xgboost,xgboost,4,12,continuous,0.014574414806844103,0.0005498202376968179,0.0135143311687751,0.015560035433642302,0.004026327942994554,0.5223221560415449,0,12,2.395161828386726e-06,,,,0.014572019645015716,0.014574414806844103,,
evaluation,dlinear,expected,4,12,median,0.01550154283999686,0.0005862159845646637,0.01400838141227668,0.01644458266705744,-0.0030843322059991452,0.21460412346045019,9,12,0.0007897302006198918,0.00017790957394396608,5.237312900087917e-05,0.00012183867893478432,0.01471181263937697,0.015323633266052895,0.015449169710995981,0.015379704161062074
evaluation,dlinear,klpo_exact,4,12,median,0.015449169710995981,0.000584130802572902,0.013798888896273162,0.01644458266705744,-0.006687515632367842,0.20436623660338704,12,12,0.0007373570716190126,0.00012553644494308692,0.0,0.00012553644494308692,0.01471181263937697,0.015323633266052895,0.015449169710995981,0.015323633266052895
evaluation,dlinear,klpo_full,4,12,median,0.015449169710995981,0.000584130802572902,0.013798888896273162,0.01644458266705744,-0.006687515632367842,0.20436623660338704,12,12,0.0007373570716190126,0.00012553644494308692,0.0,0.00012553644494308692,0.01471181263937697,0.015323633266052895,0.015449169710995981,0.015323633266052895
evaluation,dlinear,klpo_mc,4,12,median,0.015449169710995981,0.000584130802572902,0.013798888896273162,0.01644458266705744,-0.006687515632367842,0.20436623660338704,12,12,0.0007373570716190126,0.00012553644494308692,0.0,0.00012553644494308692,0.01471181263937697,0.015323633266052895,0.015449169710995981,0.015323633266052895
evaluation,dlinear,mae,4,12,median,0.015544724553160326,0.0005885607398546021,0.014181108264930542,0.01644458266705744,-0.005479919437461611,0.21657069794121506,9,12,0.0008329119137833577,0.000221091287107432,9.55548421643451e-05,0.00011657078644657768,0.01471181263937697,0.015323633266052895,0.015449169710995981,0.015428153766713748
evaluation,dlinear,neural_mae,4,12,median,0.014761578310240135,0.0005577581015610201,0.013516391882513544,0.015634915437153528,-7.944816806819147e-05,0.013217054871629752,0,12,4.9765670863165816e-05,-0.0005620549558127599,-0.0006875914007558468,-3.473920777039908e-05,0.01471181263937697,0.015323633266052895,0.015449169710995981,0.014796317518010535
evaluation,dlinear,neural_mse,4,12,median,0.014709911877568144,0.0005548465344047399,0.013434167501104538,0.015647258218296527,0.0020847796048509793,0.015953215472756615,0,12,-1.9007618088228646e-06,-0.0006137213884847486,-0.0007392578334278355,-4.293858537636913e-05,0.01471181263937697,0.015323633266052895,0.015449169710995981,0.014752850462944516
evaluation,dlinear,reference,4,12,continuous,0.01546846116093101,0.0005834008190697614,0.013572619407620928,0.016600246694392765,0.0016924157539227706,0.5007146372313128,0,12,0.0007566485215540411,,,,0.01471181263937697,0.01546846116093101,,
evaluation,dlinear,reference_mae,4,12,continuous,0.015132417587574871,0.0005707542743879935,0.013453960675887952,0.01619079367491406,0.010380080860979019,0.5011662381082205,0,0,0.0004206049481979034,-0.00033604357335613786,,,0.01471181263937697,0.01546846116093101,,
evaluation,dlinear,reference_mse,4,12,continuous,0.015355741803674237,0.0005796322063644469,0.013576303208737017,0.01646244273479566,0.005161128500099691,0.4998331551553168,7,0,0.0006439291642972699,-0.00011271935725677132,,,0.01471181263937697,0.01546846116093101,,
evaluation,dlinear,reinforce,4,12,median,0.015499267209081163,0.0005862134613984442,0.013999278888613888,0.01644458266705744,-0.0052371141614682825,0.20656123678043026,10,12,0.0007874545697041942,0.00017563394302826856,5.009749808518165e-05,0.00011990815102100164,0.01471181263937697,0.015323633266052895,0.015449169710995981,0.01537935905806016
evaluation,gru,expected,4,12,median,0.015421186945589199,0.0005793621848448052,0.014377324013207758,0.01635392304073833,0.0047649868653282836,0.2226649802382118,10,12,0.000709374306212233,0.00012524161619850967,-8.890269704653667e-06,0.00012517016031229469,0.01471181263937697,0.01529594532939069,0.015430077215293853,0.015296016785276907
evaluation,gru,klpo_exact,4,12,median,0.015430077215293853,0.0005795224183733,0.014412885092026373,0.01635392304073833,0.002639267457768763,0.22356608242793655,12,12,0.0007182645759168867,0.00013413188590316334,0.0,0.00013413188590316334,0.01471181263937697,0.01529594532939069,0.015430077215293853,0.01529594532939069
evaluation,gru,klpo_full,4,12,median,0.015430077215293853,0.0005795224183733,0.014412885092026373,0.01635392304073833,0.002639267457768763,0.22356608242793655,12,12,0.0007182645759168867,0.00013413188590316334,0.0,0.00013413188590316334,0.01471181263937697,0.01529594532939069,0.015430077215293853,0.01529594532939069
evaluation,gru,klpo_mc,4,12,median,0.015430077215293853,0.0005795224183733,0.014412885092026373,0.01635392304073833,0.002639267457768763,0.22356608242793655,12,12,0.0007182645759168867,0.00013413188590316334,0.0,0.00013413188590316334,0.01471181263937697,0.01529594532939069,0.015430077215293853,0.01529594532939069
evaluation,gru,mae,4,12,median,0.015436646966580862,0.000580074591261077,0.01439891701772386,0.01635392304073833,0.006170657065730398,0.22341620880864335,9,12,0.000724834327203895,0.0001407016371901716,6.569751287008285e-06,0.00013187492689000751,0.01471181263937697,0.01529594532939069,0.015430077215293853,0.015304772039690856
evaluation,gru,neural_mae,4,12,median,0.014732317349973522,0.0005561768761943964,0.013530813483445198,0.015638360564767258,0.0011213875589326202,0.008842590121455421,0,12,2.0504710596553112e-05,-0.0005636279794171702,-0.0006977598653203336,-2.518689357814733e-05,0.01471181263937697,0.01529594532939069,0.015430077215293853,0.014757504243551668
evaluation,gru,neural_mse,4,12,median,0.01475723604483267,0.0005568874168804633,0.013583102900346165,0.01564356369798349,-0.0029340368241080263,0.01606071734703054,0,12,4.542340545570206e-05,-0.0005387092845580213,-0.0006728411704611846,-6.286620218650436e-05,0.01471181263937697,0.01529594532939069,0.015430077215293853,0.014820102247019174
evaluation,gru,reference,4,12,continuous,0.015403179514099093,0.0005794016062106634,0.013913272097134973,0.016628608633372635,0.006022690747669933,0.48813951703977243,0,12,0.0006913668747221249,,,,0.01471181263937697,0.015403179514099093,,
evaluation,gru,reference_mae,4,12,continuous,0.015092019631074373,0.0005692084580876525,0.013612017534862414,0.016049382214796844,0.006779124943137239,0.49119426996009286,0,0,0.0003802069916974059,-0.0003111598830247191,,,0.01471181263937697,0.015403179514099093,,
evaluation,gru,reference_mse,4,12,continuous,0.015341552321786203,0.0005767930341590851,0.01367335731966773,0.016722865415788966,0.009511187463273079,0.4883054799605134,1,0,0.0006297396824092357,-6.162719231288919e-05,,,0.01471181263937697,0.015403179514099093,,
evaluation,gru,reinforce,4,12,median,0.015435276409235718,0.0005796922592961784,0.014433681867793834,0.01635392304073833,0.004366039764359225,0.22561437823997663,11,12,0.0007234637698587517,0.00013933107984502835,5.199193941865014e-06,0.00012815364462274574,0.01471181263937697,0.01529594532939069,0.015430077215293853,0.015307122764612975
evaluation,lstm,expected,4,12,median,0.015633756597370648,0.0005920957434279887,0.01371999376284181,0.01654529984550765,0.009232886178570302,0.26652147929887976,9,12,0.0009219439579936797,0.0001727810499943426,8.608297421609386e-05,8.285910119394861e-05,0.01471181263937697,0.015460975547376308,0.015547673623154554,0.0155508974961767
evaluation,lstm,klpo_exact,4,12,median,0.015547673623154554,0.0005886776452320028,0.01371999376284181,0.016268911756106046,0.015391318436390643,0.25145995694071366,12,12,0.0008358609837775858,8.669807577824874e-05,0.0,8.669807577824874e-05,0.01471181263937697,0.015460975547376308,0.015547673623154554,0.015460975547376308
evaluation,lstm,klpo_full,4,12,median,0.015547673623154554,0.0005886776452320028,0.01371999376284181,0.016268911756106046,0.015391318436390643,0.25145995694071366,12,12,0.0008358609837775858,8.669807577824874e-05,0.0,8.669807577824874e-05,0.01471181263937697,0.015460975547376308,0.015547673623154554,0.015460975547376308
evaluation,lstm,klpo_mc,4,12,median,0.015547673623154554,0.0005886776452320028,0.01371999376284181,0.016268911756106046,0.015391318436390643,0.25145995694071366,12,12,0.0008358609837775858,8.669807577824874e-05,0.0,8.669807577824874e-05,0.01471181263937697,0.015460975547376308,0.015547673623154554,0.015460975547376308
evaluation,lstm,mae,4,12,median,0.01567085686268794,0.0005931247679148974,0.01371999376284181,0.016662289502120453,0.009341435821701957,0.27479349417174986,7,12,0.0009590442233109697,0.00020988131531163274,0.000123183239533384,7.941477374812331e-05,0.01471181263937697,0.015460975547376308,0.015547673623154554,0.015591442088939814
evaluation,lstm,neural_mae,4,12,median,0.014838837067730716,0.0005615901050647397,0.013610540812618704,0.0156434004997371,0.005040261247704782,0.04190433696372713,0,12,0.00012702442835374673,-0.0006221384796455903,-0.0007088365554238391,2.2185385360586914e-06,0.01471181263937697,0.015460975547376308,0.015547673623154554,0.014836618529194656
evaluation,lstm,neural_mse,4,12,median,0.014954686665705354,0.0005647190475935487,0.013695193162657987,0.015644457560507204,-0.002597457374879981,0.07413009325706377,1,12,0.0002428740263283849,-0.0005062888816709521,-0.0005929869574492009,-4.841051626963878e-07,0.01471181263937697,0.015460975547376308,0.015547673623154554,0.01495517077086805
evaluation,lstm,reference,4,12,continuous,0.01532735987546767,0.0005786099049967081,0.013629393378961949,0.01642256285832909,0.005042264440911524,0.49690495135259116,0,12,0.0006155472360906995,,,,0.01471181263937697,0.01532735987546767,,
evaluation,lstm,reference_mae,4,12,continuous,0.01525876781725705,0.0005773613340872166,0.013622837803587895,0.016118808691345802,0.004338730756812497,0.4985222495832251,6,0,0.0005469551778800793,-6.85920582106203e-05,,,0.01471181263937697,0.01532735987546767,,
evaluation,lstm,reference_mse,4,12,continuous,0.01528064000975055,0.0005771698702324716,0.013629393378961949,0.01623568339546061,0.005587394285899592,0.4973326378522237,11,0,0.0005688273703735788,-4.6719865717120804e-05,,,0.01471181263937697,0.01532735987546767,,
evaluation,lstm,reinforce,4,12,median,0.01555232443701184,0.0005888469072016302,0.01371999376284181,0.016268911756106046,0.014929707172989897,0.25205938893469243,11,12,0.0008405117976348717,9.134888963553475e-05,4.6508138572859975e-06,8.592295161500473e-05,0.01471181263937697,0.015460975547376308,0.015547673623154554,0.015466401485396837
evaluation,ridge,expected,4,12,median,0.05957614867757076,0.004292381239537286,0.04162159686336094,0.06800277116936082,0.019411258188893533,0.49410741305475286,0,12,0.044864336038193786,-0.11216372100559471,-0.0018202513131220217,-0.07203228723688276,0.01471181263937697,0.17173986968316549,0.06139639999069278,0.1316084359144535
evaluation,ridge,klpo_exact,4,12,median,0.017845249835537126,0.0006867387755151416,0.015418237415987223,0.021396204025247917,0.001179641981297273,0.36765837131593704,0,11,0.0031334371961601595,-0.15389461984762837,-0.04355115015515565,7.851855026144188e-05,0.01471181263937697,0.17173986968316549,0.06139639999069278,0.017766731285275686
evaluation,ridge,klpo_full,4,12,median,0.03725752729132356,0.0020201815795482833,0.020532946477092036,0.05386507095737236,-0.0016752093899714598,0.4651785220994296,0,0,0.022545714651946595,-0.1344823423918419,-0.024138872699369214,-0.0017974674810458413,0.01471181263937697,0.17173986968316549,0.06139639999069278,0.0390549947723694
evaluation,ridge,klpo_mc,4,12,median,0.03711049035067138,0.002010007327932926,0.020362329153036117,0.05380376294780882,-0.0009881342100953568,0.46507042489117345,0,0,0.022398677711294408,-0.13462937933249408,-0.0242859096400214,-0.0018333073108110411,0.01471181263937697,0.17173986968316549,0.06139639999069278,0.03894379766148241
evaluation,ridge,mae,4,12,median,0.05898922706667859,0.004241074036997411,0.0403289419845361,0.06800277116936082,0.024972753622057274,0.4930154317860316,0,12,0.04427741442730162,-0.11275064261648687,-0.002407172924014189,-0.06354596430580492,0.01471181263937697,0.17173986968316549,0.06139639999069278,0.1225351913724835
evaluation,ridge,reinforce,4,12,median,0.05935648544019096,0.0042803189144535025,0.04060946169945812,0.0680025433659359,0.026282871920522245,0.49080876029789944,0,12,0.04464467280081399,-0.11238338424297452,-0.00203991455050182,-0.07397104307423487,0.01471181263937697,0.17173986968316549,0.06139639999069278,0.13332752851442584
evaluation,ridge,ridge,4,4,continuous,0.17173986968316549,0.03921839538616898,0.07496242714609246,0.2926589373770899,0.013685877862618646,0.5005156937981178,0,0,0.1570280570437885,,,,0.01471181263937697,0.17173986968316549,,
evaluation,rnn,expected,4,12,median,0.015439659727174695,0.0005836364415277258,0.014118362142331963,0.01642043143801577,0.0044849546106279226,0.1886429061477412,9,12,0.0007278470877977266,0.00018893874459215254,0.00011573946891924714,9.257441211153043e-05,0.01471181263937697,0.01525072098258254,0.015323920258255448,0.015347085315063163
evaluation,rnn,klpo_exact,4,12,median,0.015323920258255448,0.0005792799256837433,0.013655404266654975,0.01642043143801577,0.006182712291355329,0.15925423969488733,12,12,0.0006121076188784795,7.319927567290538e-05,0.0,7.319927567290538e-05,0.01471181263937697,0.01525072098258254,0.015323920258255448,0.01525072098258254
evaluation,rnn,klpo_full,4,12,median,0.015323920258255448,0.0005792799256837433,0.013655404266654975,0.01642043143801577,0.006182712291355329,0.15925423969488733,12,12,0.0006121076188784795,7.319927567290538e-05,0.0,7.319927567290538e-05,0.01471181263937697,0.01525072098258254,0.015323920258255448,0.01525072098258254
evaluation,rnn,klpo_mc,4,12,median,0.015323920258255448,0.0005792799256837433,0.013655404266654975,0.01642043143801577,0.006182712291355329,0.15925423969488733,12,12,0.0006121076188784795,7.319927567290538e-05,0.0,7.319927567290538e-05,0.01471181263937697,0.01525072098258254,0.015323920258255448,0.01525072098258254
evaluation,rnn,mae,4,12,median,0.015406102091907264,0.0005824757221369783,0.01398413160126224,0.01642043143801577,0.003323412109017634,0.1755593186395193,9,12,0.0006942894525302956,0.00015538110932472162,8.218183365181623e-05,9.262863291327203e-05,0.01471181263937697,0.01525072098258254,0.015323920258255448,0.01531347345899399
evaluation,rnn,neural_mae,4,12,median,0.01477315196786292,0.000557008800569742,0.013730541853702564,0.01565505785333137,0.0016659408895311216,0.03104050620568916,1,12,6.133932848594984e-05,-0.0004775690147196242,-0.0005507682903925296,-4.6263645759855325e-05,0.01471181263937697,0.01525072098258254,0.015323920258255448,0.014819415613622773
evaluation,rnn,neural_mse,4,12,median,0.01476677476650048,0.0005563773927307175,0.013659171987126593,0.01566805355901027,-0.0013969070012912201,0.04046140306910104,2,12,5.496212712351217e-05,-0.0004839462160820619,-0.0005571454917549673,-3.0500285053482293e-05,0.01471181263937697,0.01525072098258254,0.015323920258255448,0.014797275051553961
evaluation,rnn,reference,4,12,continuous,0.015280037355584537,0.0005746481994193597,0.013806063591676264,0.016260911866993428,0.0033770254815427034,0.49902953860501653,0,12,0.0005682247162075686,,,,0.01471181263937697,0.015280037355584537,,
evaluation,rnn,reference_mae,4,12,continuous,0.015075794531822539,0.0005679988740539516,0.013789905242693263,0.01590517545793571,0.003343802835702144,0.5017543922426395,0,0,0.0003639818924455712,-0.0002042428237619974,,,0.01471181263937697,0.015280037355584536,,
evaluation,rnn,reference_mse,4,12,continuous,0.015256662021772897,0.0005738296117668466,0.013868335834913237,0.01617095032658049,0.002776796924208004,0.5002858710271939,9,0,0.0005448493823959266,-2.3375333811642023e-05,,,0.01471181263937697,0.015280037355584536,,
evaluation,rnn,reinforce,4,12,median,0.015337818457247538,0.0005798670719839706,0.01371099706262334,0.01642043143801577,0.007249776847401476,0.1616698739578601,11,12,0.0006260058178705709,8.709747466499684e-05,1.3898198992091457e-05,7.082821656076996e-05,0.01471181263937697,0.01525072098258254,0.015323920258255448,0.015266990240686769
evaluation,xgboost,expected,4,12,median,0.0147144175548788,0.0005551493316785755,0.013521584760022982,0.015642991149293257,-0.028022851132894863,0.00032351745972524566,12,12,2.6049155018327037e-06,-4.0434663992184375e-05,0.0,-4.0434663992184375e-05,0.01471181263937697,0.014754852218870986,0.0147144175548788,0.014754852218870986
evaluation,xgboost,klpo_exact,4,12,median,0.0147144175548788,0.0005551493316785755,0.013521584760022982,0.015642991149293257,-0.028022851132894863,0.00032351745972524566,12,12,2.6049155018327037e-06,-4.0434663992184375e-05,0.0,-4.0434663992184375e-05,0.01471181263937697,0.014754852218870986,0.0147144175548788,0.014754852218870986
evaluation,xgboost,klpo_full,4,12,median,0.0147144175548788,0.0005551493316785755,0.013521584760022982,0.015642991149293257,-0.028022851132894863,0.00032351745972524566,12,12,2.6049155018327037e-06,-4.0434663992184375e-05,0.0,-4.0434663992184375e-05,0.01471181263937697,0.014754852218870986,0.0147144175548788,0.014754852218870986
evaluation,xgboost,klpo_mc,4,12,median,0.0147144175548788,0.0005551493316785755,0.013521584760022982,0.015642991149293257,-0.028022851132894863,0.00032351745972524566,12,12,2.6049155018327037e-06,-4.0434663992184375e-05,0.0,-4.0434663992184375e-05,0.01471181263937697,0.014754852218870986,0.0147144175548788,0.014754852218870986
evaluation,xgboost,mae,4,12,median,0.0147144175548788,0.0005551493316785755,0.013521584760022982,0.015642991149293257,-0.028022851132894863,0.00032351745972524566,12,12,2.6049155018327037e-06,-4.0434663992184375e-05,0.0,-4.0434663992184375e-05,0.01471181263937697,0.014754852218870986,0.0147144175548788,0.014754852218870986
evaluation,xgboost,reinforce,4,12,median,0.0147144175548788,0.0005551493316785755,0.013521584760022982,0.015642991149293257,-0.028022851132894863,0.00032351745972524566,12,12,2.6049155018327037e-06,-4.0434663992184375e-05,0.0,-4.0434663992184375e-05,0.01471181263937697,0.014754852218870986,0.0147144175548788,0.014754852218870986
evaluation,xgboost,xgboost,4,12,continuous,0.014754852218870986,0.0005569500311136063,0.013511454364183346,0.01565204633486001,-0.0010353914184009349,0.4939428272332062,0,12,4.303957949401708e-05,,,,0.01471181263937697,0.014754852218870986,,
