partition,unit,ratio_id,groups_total,compatible_groups,missing_components,ambiguous_components,nonpositive_denominator,nonfinite_ratio,publications,assets_with_groups,assets_with_compatible_groups
development_filed_through_2022,CAD,current_ratio,279,167,112,0,0,0,83,5,5
development_filed_through_2022,CAD,equity_to_assets,279,166,113,0,0,0,83,5,5
development_filed_through_2022,CAD,liabilities_to_assets,279,164,115,0,0,0,82,5,5
development_filed_through_2022,CAD,liabilities_to_positive_equity,279,164,115,0,0,0,82,5,5
development_filed_through_2022,CAD,payables_to_assets,279,22,257,0,0,0,11,5,1
development_filed_through_2022,CAD,receivables_to_assets,279,98,181,0,0,0,49,5,3
development_filed_through_2022,CAD,working_capital_to_assets,279,166,113,0,0,0,83,5,5
development_filed_through_2022,CHF,current_ratio,8,0,8,0,0,0,0,1,0
development_filed_through_2022,CHF,equity_to_assets,8,0,8,0,0,0,0,1,0
development_filed_through_2022,CHF,liabilities_to_assets,8,0,8,0,0,0,0,1,0
development_filed_through_2022,CHF,liabilities_to_positive_equity,8,0,8,0,0,0,0,1,0
development_filed_through_2022,CHF,payables_to_assets,8,0,8,0,0,0,0,1,0
development_filed_through_2022,CHF,receivables_to_assets,8,0,8,0,0,0,0,1,0
development_filed_through_2022,CHF,working_capital_to_assets,8,0,8,0,0,0,0,1,0
development_filed_through_2022,CNY,current_ratio,64,62,2,0,0,0,31,2,1
development_filed_through_2022,CNY,equity_to_assets,64,62,2,0,0,0,31,2,1
development_filed_through_2022,CNY,liabilities_to_assets,64,24,40,0,0,0,12,2,1
development_filed_through_2022,CNY,liabilities_to_positive_equity,64,24,40,0,0,0,12,2,1
development_filed_through_2022,CNY,payables_to_assets,64,0,64,0,0,0,0,2,0
development_filed_through_2022,CNY,receivables_to_assets,64,32,32,0,0,0,16,2,1
development_filed_through_2022,CNY,working_capital_to_assets,64,62,2,0,0,0,31,2,1
development_filed_through_2022,EUR,current_ratio,3,0,3,0,0,0,0,2,0
development_filed_through_2022,EUR,equity_to_assets,3,0,3,0,0,0,0,2,0
development_filed_through_2022,EUR,liabilities_to_assets,3,0,3,0,0,0,0,2,0
development_filed_through_2022,EUR,liabilities_to_positive_equity,3,0,3,0,0,0,0,2,0
development_filed_through_2022,EUR,payables_to_assets,3,0,3,0,0,0,0,2,0
development_filed_through_2022,EUR,receivables_to_assets,3,0,3,0,0,0,0,2,0
development_filed_through_2022,EUR,working_capital_to_assets,3,0,3,0,0,0,0,2,0
development_filed_through_2022,GBP,current_ratio,5,0,5,0,0,0,0,1,0
development_filed_through_2022,GBP,equity_to_assets,5,0,5,0,0,0,0,1,0
development_filed_through_2022,GBP,liabilities_to_assets,5,0,5,0,0,0,0,1,0
development_filed_through_2022,GBP,liabilities_to_positive_equity,5,0,5,0,0,0,0,1,0
development_filed_through_2022,GBP,payables_to_assets,5,0,5,0,0,0,0,1,0
development_filed_through_2022,GBP,receivables_to_assets,5,0,5,0,0,0,0,1,0
development_filed_through_2022,GBP,working_capital_to_assets,5,0,5,0,0,0,0,1,0
development_filed_through_2022,ILS,current_ratio,14,6,8,0,0,0,3,1,1
development_filed_through_2022,ILS,equity_to_assets,14,6,8,0,0,0,3,1,1
development_filed_through_2022,ILS,liabilities_to_assets,14,0,14,0,0,0,0,1,0
development_filed_through_2022,ILS,liabilities_to_positive_equity,14,0,14,0,0,0,0,1,0
development_filed_through_2022,ILS,payables_to_assets,14,0,14,0,0,0,0,1,0
development_filed_through_2022,ILS,receivables_to_assets,14,0,14,0,0,0,0,1,0
development_filed_through_2022,ILS,working_capital_to_assets,14,6,8,0,0,0,3,1,1
development_filed_through_2022,TND,current_ratio,1,0,1,0,0,0,0,1,0
development_filed_through_2022,TND,equity_to_assets,1,0,1,0,0,0,0,1,0
development_filed_through_2022,TND,liabilities_to_assets,1,0,1,0,0,0,0,1,0
development_filed_through_2022,TND,liabilities_to_positive_equity,1,0,1,0,0,0,0,1,0
development_filed_through_2022,TND,payables_to_assets,1,0,1,0,0,0,0,1,0
development_filed_through_2022,TND,receivables_to_assets,1,0,1,0,0,0,0,1,0
development_filed_through_2022,TND,working_capital_to_assets,1,0,1,0,0,0,0,1,0
development_filed_through_2022,USD,current_ratio,291359,137160,154184,0,15,0,67180,2222,1673
development_filed_through_2022,USD,equity_to_assets,291359,172887,118449,0,23,0,83259,2222,2149
development_filed_through_2022,USD,liabilities_to_assets,291359,141687,149658,0,14,0,69539,2222,1890
development_filed_through_2022,USD,liabilities_to_positive_equity,291359,124431,160314,0,6614,0,62000,2222,1805
development_filed_through_2022,USD,payables_to_assets,291359,112392,178960,0,7,0,55114,2222,1487
development_filed_through_2022,USD,receivables_to_assets,291359,98315,193044,0,0,0,48610,2222,1369
development_filed_through_2022,USD,working_capital_to_assets,291359,136596,154751,0,12,0,66902,2222,1668
validation_filed_2023,CAD,current_ratio,33,27,6,0,0,0,12,3,3
validation_filed_2023,CAD,equity_to_assets,33,27,6,0,0,0,12,3,3
validation_filed_2023,CAD,liabilities_to_assets,33,27,6,0,0,0,12,3,3
validation_filed_2023,CAD,liabilities_to_positive_equity,33,27,6,0,0,0,12,3,3
validation_filed_2023,CAD,payables_to_assets,33,8,25,0,0,0,4,3,1
validation_filed_2023,CAD,receivables_to_assets,33,16,17,0,0,0,8,3,2
validation_filed_2023,CAD,working_capital_to_assets,33,27,6,0,0,0,12,3,3
validation_filed_2023,CHF,current_ratio,1,0,1,0,0,0,0,1,0
validation_filed_2023,CHF,equity_to_assets,1,0,1,0,0,0,0,1,0
validation_filed_2023,CHF,liabilities_to_assets,1,0,1,0,0,0,0,1,0
validation_filed_2023,CHF,liabilities_to_positive_equity,1,0,1,0,0,0,0,1,0
validation_filed_2023,CHF,payables_to_assets,1,0,1,0,0,0,0,1,0
validation_filed_2023,CHF,receivables_to_assets,1,0,1,0,0,0,0,1,0
validation_filed_2023,CHF,working_capital_to_assets,1,0,1,0,0,0,0,1,0
validation_filed_2023,CNY,current_ratio,4,4,0,0,0,0,2,1,1
validation_filed_2023,CNY,equity_to_assets,4,4,0,0,0,0,2,1,1
validation_filed_2023,CNY,liabilities_to_assets,4,4,0,0,0,0,2,1,1
validation_filed_2023,CNY,liabilities_to_positive_equity,4,4,0,0,0,0,2,1,1
validation_filed_2023,CNY,payables_to_assets,4,2,2,0,0,0,1,1,1
validation_filed_2023,CNY,receivables_to_assets,4,4,0,0,0,0,2,1,1
validation_filed_2023,CNY,working_capital_to_assets,4,4,0,0,0,0,2,1,1
validation_filed_2023,USD,current_ratio,37063,13569,23494,0,0,0,6658,2227,1651
validation_filed_2023,USD,equity_to_assets,37063,17338,19725,0,0,0,8350,2227,2092
validation_filed_2023,USD,liabilities_to_assets,37063,15188,21875,0,0,0,7467,2227,1859
validation_filed_2023,USD,liabilities_to_positive_equity,37063,13381,22928,0,754,0,6658,2227,1697
validation_filed_2023,USD,payables_to_assets,37063,11289,25774,0,0,0,5541,2227,1424
validation_filed_2023,USD,receivables_to_assets,37063,9812,27251,0,0,0,4851,2227,1269
validation_filed_2023,USD,working_capital_to_assets,37063,13569,23494,0,0,0,6658,2227,1651
