namespace,concept,unit,period_kind,partition,raw_rows,invalid_rows,unique_keys,unique_admissible,duplicates,conflicting_rows,ambiguous_keys,publications,first_filed,last_filed,first_start,last_start,first_end,last_end,duration_min_days,duration_max_days,assets_with_raw_rows,assets_with_admissible_facts
us-gaap,AccountsPayableCurrent,CAD,stock_without_start,development_filed_through_2022,440,0,22,22,418,0,0,11,2020-06-01,2022-11-09,,,2019-03-31,2022-09-30,,,1,1
us-gaap,AccountsPayableCurrent,CAD,stock_without_start,validation_filed_2023,160,0,8,8,152,0,0,4,2023-02-09,2023-11-09,,,2022-03-31,2023-09-30,,,1,1
us-gaap,AccountsPayableCurrent,CNY,stock_without_start,validation_filed_2023,60,0,2,2,58,0,0,1,2023-10-30,2023-10-30,,,2022-06-30,2023-06-30,,,1,1
us-gaap,AccountsPayableCurrent,USD,stock_without_start,development_filed_through_2022,5680223,234,112671,112671,5567318,0,0,55225,2009-07-22,2022-12-29,,,2007-12-31,2022-11-30,,,1487,1487
us-gaap,AccountsPayableCurrent,USD,stock_without_start,validation_filed_2023,533926,0,11292,11292,522634,0,0,5541,2023-01-04,2023-12-29,,,2019-03-31,2023-11-30,,,1424,1424
us-gaap,AccountsReceivableNetCurrent,CAD,stock_without_start,development_filed_through_2022,3316,0,98,98,3218,0,0,49,2011-04-04,2022-11-09,,,2009-12-31,2022-09-30,,,3,3
us-gaap,AccountsReceivableNetCurrent,CAD,stock_without_start,validation_filed_2023,456,0,16,16,440,0,0,8,2023-02-09,2023-11-09,,,2021-12-31,2023-09-30,,,2,2
us-gaap,AccountsReceivableNetCurrent,CNY,stock_without_start,development_filed_through_2022,960,0,32,32,928,0,0,16,2012-10-24,2022-10-28,,,2011-06-30,2022-06-30,,,1,1
us-gaap,AccountsReceivableNetCurrent,CNY,stock_without_start,validation_filed_2023,120,0,4,4,116,0,0,2,2023-03-24,2023-10-30,,,2022-06-30,2023-06-30,,,1,1
us-gaap,AccountsReceivableNetCurrent,USD,stock_without_start,development_filed_through_2022,5102205,223,98841,98841,5003141,0,0,48634,2009-04-15,2022-12-29,,,2007-12-31,2022-12-01,,,1370,1370
us-gaap,AccountsReceivableNetCurrent,USD,stock_without_start,validation_filed_2023,478477,0,9882,9882,468595,0,0,4851,2023-01-05,2023-12-29,,,2019-12-31,2023-11-30,,,1269,1269
us-gaap,Assets,CAD,stock_without_start,development_filed_through_2022,5352,0,166,166,5186,0,0,83,2011-04-04,2022-11-09,,,2009-12-31,2022-09-30,,,5,5
us-gaap,Assets,CAD,stock_without_start,validation_filed_2023,748,0,27,27,721,0,0,12,2023-02-09,2023-11-09,,,2021-12-31,2023-09-30,,,3,3
us-gaap,Assets,CNY,stock_without_start,development_filed_through_2022,1860,0,62,62,1798,0,0,31,2012-01-31,2022-10-28,,,2011-06-30,2022-06-30,,,1,1
us-gaap,Assets,CNY,stock_without_start,validation_filed_2023,120,0,4,4,116,0,0,2,2023-03-24,2023-10-30,,,2022-06-30,2023-06-30,,,1,1
us-gaap,Assets,ILS,stock_without_start,development_filed_through_2022,336,0,6,6,330,0,0,3,2011-09-14,2012-05-17,,,2010-12-31,2012-03-31,,,1,1
us-gaap,Assets,USD,stock_without_start,development_filed_through_2022,9791901,407,192959,192959,9598535,0,0,90236,2009-04-15,2022-12-29,,,2006-12-31,2022-12-01,,,2222,2222
us-gaap,Assets,USD,stock_without_start,validation_filed_2023,915980,58,18989,18989,896933,0,0,8975,2023-01-04,2023-12-29,,,2019-03-31,2023-11-30,,,2226,2226
us-gaap,AssetsCurrent,CAD,stock_without_start,development_filed_through_2022,5392,0,168,168,5224,0,0,83,2011-04-04,2022-11-09,,,2009-12-31,2022-09-30,,,5,5
us-gaap,AssetsCurrent,CAD,stock_without_start,validation_filed_2023,748,0,27,27,721,0,0,12,2023-02-09,2023-11-09,,,2021-12-31,2023-09-30,,,3,3
us-gaap,AssetsCurrent,CNY,stock_without_start,development_filed_through_2022,1860,0,62,62,1798,0,0,31,2012-01-31,2022-10-28,,,2011-06-30,2022-06-30,,,1,1
us-gaap,AssetsCurrent,CNY,stock_without_start,validation_filed_2023,120,0,4,4,116,0,0,2,2023-03-24,2023-10-30,,,2022-06-30,2023-06-30,,,1,1
us-gaap,AssetsCurrent,ILS,stock_without_start,development_filed_through_2022,336,0,6,6,330,0,0,3,2011-09-14,2012-05-17,,,2010-12-31,2012-03-31,,,1,1
us-gaap,AssetsCurrent,USD,stock_without_start,development_filed_through_2022,7025648,335,137918,137918,6887395,0,0,67519,2009-04-15,2022-12-29,,,2007-12-31,2022-12-01,,,1675,1675
us-gaap,AssetsCurrent,USD,stock_without_start,validation_filed_2023,649218,0,13598,13598,635620,0,0,6672,2023-01-04,2023-12-29,,,2019-03-31,2023-11-30,,,1655,1655
us-gaap,AssetsNoncurrent,CAD,stock_without_start,development_filed_through_2022,200,0,5,5,195,0,0,3,2012-03-05,2021-06-01,,,2010-12-31,2019-12-31,,,2,2
us-gaap,AssetsNoncurrent,ILS,stock_without_start,development_filed_through_2022,224,0,4,4,220,0,0,2,2012-03-30,2012-05-17,,,2010-12-31,2012-03-31,,,1,1
us-gaap,AssetsNoncurrent,USD,stock_without_start,development_filed_through_2022,528203,0,10055,10055,518148,0,0,4933,2009-07-31,2022-12-16,,,2008-08-02,2022-11-30,,,252,252
us-gaap,AssetsNoncurrent,USD,stock_without_start,validation_filed_2023,39440,0,828,828,38612,0,0,409,2023-01-05,2023-12-19,,,2020-12-31,2023-11-30,,,111,111
us-gaap,CashAndCashEquivalentsPeriodIncreaseDecrease,CAD,flow_with_start,development_filed_through_2022,2937,0,85,85,2852,0,0,26,2011-04-04,2018-02-16,2004-03-22,2017-04-01,2008-12-31,2017-12-31,90,3207,4,4
us-gaap,CashAndCashEquivalentsPeriodIncreaseDecrease,CNY,flow_with_start,development_filed_through_2022,1530,0,51,51,1479,0,0,24,2012-01-31,2018-09-28,2010-07-01,2017-07-01,2010-09-30,2018-06-30,92,366,1,1
us-gaap,CashAndCashEquivalentsPeriodIncreaseDecrease,EUR,flow_with_start,development_filed_through_2022,146,0,2,2,144,0,0,1,2012-12-20,2012-12-20,2010-10-01,2011-10-01,2011-09-30,2012-09-30,365,366,1,1
us-gaap,CashAndCashEquivalentsPeriodIncreaseDecrease,ILS,flow_with_start,development_filed_through_2022,560,0,10,10,550,0,0,3,2011-09-14,2012-05-17,2007-01-31,2012-01-01,2010-06-30,2012-03-31,90,1886,1,1
us-gaap,CashAndCashEquivalentsPeriodIncreaseDecrease,USD,flow_with_start,development_filed_through_2022,6140860,47,117302,117302,6023511,0,0,52115,2009-04-15,2022-11-14,1967-05-26,2022-04-01,2006-12-31,2022-09-30,3,16961,1987,1987
us-gaap,CashAndCashEquivalentsPeriodIncreaseDecrease,USD,flow_with_start,validation_filed_2023,670,0,12,12,658,0,0,5,2023-02-09,2023-05-31,2020-01-01,2023-01-01,2020-12-31,2023-03-31,90,366,3,3
us-gaap,CashAndCashEquivalentsPeriodIncreaseDecrease,USD,stock_without_start,development_filed_through_2022,182,0,3,3,179,0,0,2,2011-03-01,2018-09-05,,,2008-12-31,2018-01-31,,,2,2
us-gaap,CommonStockValue,CAD,stock_without_start,development_filed_through_2022,10704,0,166,166,10538,0,0,83,2011-04-04,2022-11-09,,,2009-12-31,2022-09-30,,,5,5
us-gaap,CommonStockValue,CAD,stock_without_start,validation_filed_2023,1376,0,24,24,1352,0,0,12,2023-02-09,2023-11-09,,,2021-12-31,2023-09-30,,,3,3
us-gaap,CommonStockValue,CHF,stock_without_start,development_filed_through_2022,1072,0,8,8,1064,0,0,8,2015-06-05,2022-05-18,,,2015-03-31,2022-03-31,,,1,1
us-gaap,CommonStockValue,CHF,stock_without_start,validation_filed_2023,134,0,1,1,133,0,0,1,2023-05-17,2023-05-17,,,2023-03-31,2023-03-31,,,1,1
us-gaap,CommonStockValue,CNY,stock_without_start,development_filed_through_2022,3360,0,56,56,3304,0,0,28,2012-01-31,2021-04-05,,,2011-06-30,2020-12-31,,,1,1
us-gaap,CommonStockValue,EUR,stock_without_start,development_filed_through_2022,112,0,2,2,110,0,0,2,2017-10-30,2018-03-23,,,2017-04-18,2017-04-18,,,1,1
us-gaap,CommonStockValue,ILS,stock_without_start,development_filed_through_2022,672,0,6,6,666,0,0,3,2011-09-14,2012-05-17,,,2010-12-31,2012-03-31,,,1,1
us-gaap,CommonStockValue,USD,stock_without_start,development_filed_through_2022,15103882,714,148110,148110,14955058,0,0,72628,2009-04-15,2022-12-29,,,2004-12-31,2022-12-01,,,1961,1961
us-gaap,CommonStockValue,USD,stock_without_start,validation_filed_2023,1401618,0,14526,14526,1387092,0,0,7141,2023-01-05,2023-12-29,,,2019-12-31,2023-11-30,,,1803,1803
us-gaap,DividendsCommonStockCash,CAD,flow_with_start,development_filed_through_2022,3589,0,97,97,3492,0,0,34,2011-04-04,2022-10-27,2008-01-01,2022-07-01,2008-12-31,2022-09-30,90,366,1,1
us-gaap,DividendsCommonStockCash,CAD,flow_with_start,validation_filed_2023,481,0,13,13,468,0,0,4,2023-02-24,2023-10-26,2020-01-01,2023-07-01,2020-12-31,2023-09-30,90,366,1,1
us-gaap,DividendsCommonStockCash,CHF,flow_with_start,development_filed_through_2022,134,0,2,2,132,0,0,1,2014-11-13,2014-11-13,2012-09-01,2013-09-01,2012-09-30,2013-09-30,30,30,1,1
us-gaap,DividendsCommonStockCash,EUR,flow_with_start,development_filed_through_2022,170,0,5,5,165,0,0,4,2017-08-04,2019-03-11,2015-01-01,2016-01-01,2015-12-31,2016-12-31,182,366,1,1
us-gaap,DividendsCommonStockCash,USD,flow_with_start,development_filed_through_2022,2597359,410,52397,52397,2544552,0,0,19667,2009-07-24,2022-12-29,1989-03-24,2022-09-02,2007-09-30,2022-12-01,2,9414,792,791
us-gaap,DividendsCommonStockCash,USD,flow_with_start,validation_filed_2023,352362,0,7207,7207,345155,0,0,2157,2023-01-05,2023-12-22,2007-12-01,2023-09-01,2020-03-29,2023-11-30,4,5510,586,586
us-gaap,DividendsCommonStockCash,USD,stock_without_start,development_filed_through_2022,33003,0,620,620,32383,0,0,256,2011-02-24,2022-11-14,,,2009-12-31,2022-09-13,,,42,42
us-gaap,DividendsCommonStockCash,USD,stock_without_start,validation_filed_2023,3316,0,61,61,3255,0,0,23,2023-02-21,2023-11-08,,,2019-12-11,2023-09-30,,,13,13
us-gaap,DividendsPayableAmountPerShare,GBP,stock_without_start,development_filed_through_2022,260,0,5,5,255,0,0,2,2017-05-04,2017-08-07,,,2016-10-18,2017-04-25,,,1,1
us-gaap,DividendsPayableAmountPerShare,GBP/shares,stock_without_start,development_filed_through_2022,260,0,5,5,255,0,0,2,2017-05-04,2017-08-07,,,2016-10-18,2017-04-25,,,1,1
us-gaap,DividendsPayableAmountPerShare,HKD/shares,stock_without_start,development_filed_through_2022,68,0,1,1,67,0,0,1,2022-04-15,2022-04-15,,,2021-12-31,2021-12-31,,,1,1
us-gaap,DividendsPayableAmountPerShare,HKD/shares,stock_without_start,validation_filed_2023,136,0,2,2,134,0,0,2,2023-03-22,2023-04-19,,,2021-12-31,2021-12-31,,,1,1
us-gaap,DividendsPayableAmountPerShare,USD/shares,stock_without_start,development_filed_through_2022,187626,977,3672,3672,182977,0,0,1849,2009-10-30,2022-12-20,,,2007-12-31,2022-11-18,,,263,260
us-gaap,DividendsPayableAmountPerShare,USD/shares,stock_without_start,validation_filed_2023,20161,50,371,371,19740,0,0,149,2023-01-05,2023-12-19,,,2017-11-01,2023-11-17,,,69,68
us-gaap,DividendsPayableAmountPerShare,pure,stock_without_start,development_filed_through_2022,532,53,11,11,468,0,0,3,2010-07-27,2010-10-26,,,2009-03-31,2010-09-30,,,3,2
us-gaap,DividendsPayableAmountPerShare,shares/USD,stock_without_start,development_filed_through_2022,46,0,1,1,45,0,0,1,2011-12-07,2011-12-07,,,2011-10-31,2011-10-31,,,1,1
us-gaap,InventoryNet,CAD,stock_without_start,development_filed_through_2022,2296,0,86,86,2210,0,0,43,2013-02-15,2022-11-09,,,2011-12-31,2022-09-30,,,2,2
us-gaap,InventoryNet,CAD,stock_without_start,validation_filed_2023,452,0,19,19,433,0,0,8,2023-02-09,2023-11-09,,,2021-12-31,2023-09-30,,,2,2
us-gaap,InventoryNet,CNY,stock_without_start,development_filed_through_2022,1860,0,62,62,1798,0,0,31,2012-01-31,2022-10-28,,,2011-06-30,2022-06-30,,,1,1
us-gaap,InventoryNet,CNY,stock_without_start,validation_filed_2023,120,0,4,4,116,0,0,2,2023-03-24,2023-10-30,,,2022-06-30,2023-06-30,,,1,1
us-gaap,InventoryNet,USD,stock_without_start,development_filed_through_2022,4719939,270,91413,91413,4628256,0,0,44397,2009-04-30,2022-12-29,,,2007-12-31,2022-12-01,,,1180,1180
us-gaap,InventoryNet,USD,stock_without_start,validation_filed_2023,432399,0,8810,8810,423589,0,0,4312,2023-01-04,2023-12-29,,,2020-10-31,2023-11-30,,,1098,1098
us-gaap,Liabilities,CAD,stock_without_start,development_filed_through_2022,5262,0,164,164,5098,0,0,82,2011-04-04,2022-11-09,,,2009-12-31,2022-09-30,,,5,5
us-gaap,Liabilities,CAD,stock_without_start,validation_filed_2023,748,0,27,27,721,0,0,12,2023-02-09,2023-11-09,,,2021-12-31,2023-09-30,,,3,3
us-gaap,Liabilities,CNY,stock_without_start,development_filed_through_2022,720,0,24,24,696,0,0,12,2012-10-24,2022-10-28,,,2011-06-30,2022-06-30,,,1,1
us-gaap,Liabilities,CNY,stock_without_start,validation_filed_2023,120,0,4,4,116,0,0,2,2023-03-24,2023-10-30,,,2022-06-30,2023-06-30,,,1,1
us-gaap,Liabilities,USD,stock_without_start,development_filed_through_2022,7239582,335,141978,141978,7097269,0,0,69639,2009-04-15,2022-12-29,,,2007-12-31,2022-12-01,,,1891,1891
us-gaap,Liabilities,USD,stock_without_start,validation_filed_2023,732211,58,15213,15213,716940,0,0,7471,2023-01-04,2023-12-29,,,2019-03-31,2023-11-30,,,1860,1860
us-gaap,LiabilitiesCurrent,CAD,stock_without_start,development_filed_through_2022,5372,0,167,167,5205,0,0,83,2011-04-04,2022-11-09,,,2009-12-31,2022-09-30,,,5,5
us-gaap,LiabilitiesCurrent,CAD,stock_without_start,validation_filed_2023,748,0,27,27,721,0,0,12,2023-02-09,2023-11-09,,,2021-12-31,2023-09-30,,,3,3
us-gaap,LiabilitiesCurrent,CNY,stock_without_start,development_filed_through_2022,1860,0,62,62,1798,0,0,31,2012-01-31,2022-10-28,,,2011-06-30,2022-06-30,,,1,1
us-gaap,LiabilitiesCurrent,CNY,stock_without_start,validation_filed_2023,120,0,4,4,116,0,0,2,2023-03-24,2023-10-30,,,2022-06-30,2023-06-30,,,1,1
us-gaap,LiabilitiesCurrent,ILS,stock_without_start,development_filed_through_2022,336,0,6,6,330,0,0,3,2011-09-14,2012-05-17,,,2010-12-31,2012-03-31,,,1,1
us-gaap,LiabilitiesCurrent,USD,stock_without_start,development_filed_through_2022,6995521,335,137437,137437,6857749,0,0,67275,2009-04-15,2022-12-29,,,2007-12-31,2022-12-01,,,1676,1676
us-gaap,LiabilitiesCurrent,USD,stock_without_start,validation_filed_2023,649750,0,13611,13611,636139,0,0,6665,2023-01-04,2023-12-29,,,2019-03-31,2023-11-30,,,1652,1652
us-gaap,LiabilitiesNoncurrent,CAD,stock_without_start,development_filed_through_2022,57,0,2,2,55,0,0,2,2011-04-04,2021-06-01,,,2010-12-31,2019-12-31,,,2,2
us-gaap,LiabilitiesNoncurrent,ILS,stock_without_start,development_filed_through_2022,224,0,4,4,220,0,0,2,2012-03-30,2012-05-17,,,2010-12-31,2012-03-31,,,1,1
us-gaap,LiabilitiesNoncurrent,USD,stock_without_start,development_filed_through_2022,1241345,396,23067,23067,1217882,0,0,11351,2009-05-07,2022-12-28,,,2007-12-31,2022-11-30,,,410,410
us-gaap,LiabilitiesNoncurrent,USD,stock_without_start,validation_filed_2023,112252,198,2111,2111,109943,0,0,1040,2023-01-05,2023-12-28,,,2020-12-31,2023-11-30,,,268,268
us-gaap,NetCashProvidedByUsedInFinancingActivities,CAD,flow_with_start,development_filed_through_2022,7628,0,233,233,7395,0,0,81,2011-04-04,2022-11-09,2004-03-22,2022-07-01,2008-12-31,2022-09-30,90,3207,5,5
us-gaap,NetCashProvidedByUsedInFinancingActivities,CAD,flow_with_start,validation_filed_2023,922,0,31,31,891,0,0,12,2023-02-09,2023-11-09,2020-01-01,2023-07-01,2020-12-31,2023-09-30,90,366,3,3
us-gaap,NetCashProvidedByUsedInFinancingActivities,CNY,flow_with_start,development_filed_through_2022,1230,0,41,41,1189,0,0,18,2012-01-31,2022-10-28,2010-07-01,2021-07-01,2010-09-30,2022-06-30,92,366,1,1
us-gaap,NetCashProvidedByUsedInFinancingActivities,CNY,flow_with_start,validation_filed_2023,150,0,5,5,145,0,0,2,2023-03-24,2023-10-30,2020-07-01,2022-07-01,2021-06-30,2023-06-30,184,365,1,1
us-gaap,NetCashProvidedByUsedInFinancingActivities,ILS,flow_with_start,development_filed_through_2022,504,0,9,9,495,0,0,3,2011-09-14,2012-05-17,2007-01-31,2012-01-01,2010-06-30,2012-03-31,91,1886,1,1
us-gaap,NetCashProvidedByUsedInFinancingActivities,USD,flow_with_start,development_filed_through_2022,8197964,47,163413,163413,8034504,0,0,73420,2009-04-15,2022-12-29,1967-05-26,2022-09-02,2006-12-31,2022-12-01,3,16961,2210,2210
us-gaap,NetCashProvidedByUsedInFinancingActivities,USD,flow_with_start,validation_filed_2023,933126,0,19532,19532,913594,0,0,8837,2023-01-04,2023-12-29,2019-01-01,2023-09-04,2019-03-31,2023-11-30,36,371,2208,2208
us-gaap,NetCashProvidedByUsedInFinancingActivities,USD,stock_without_start,development_filed_through_2022,35,0,1,1,34,0,0,1,2012-11-26,2012-11-26,,,2012-09-01,2012-09-01,,,1,1
us-gaap,NetCashProvidedByUsedInInvestingActivities,CAD,flow_with_start,development_filed_through_2022,7628,0,233,233,7395,0,0,81,2011-04-04,2022-11-09,2004-03-22,2022-07-01,2008-12-31,2022-09-30,90,3207,5,5
us-gaap,NetCashProvidedByUsedInInvestingActivities,CAD,flow_with_start,validation_filed_2023,922,0,31,31,891,0,0,12,2023-02-09,2023-11-09,2020-01-01,2023-07-01,2020-12-31,2023-09-30,90,366,3,3
us-gaap,NetCashProvidedByUsedInInvestingActivities,CNY,flow_with_start,development_filed_through_2022,1260,0,42,42,1218,0,0,18,2012-01-31,2022-10-28,2010-07-01,2021-07-01,2010-09-30,2022-06-30,92,366,1,1
us-gaap,NetCashProvidedByUsedInInvestingActivities,CNY,flow_with_start,validation_filed_2023,150,0,5,5,145,0,0,2,2023-03-24,2023-10-30,2020-07-01,2022-07-01,2021-06-30,2023-06-30,184,365,1,1
us-gaap,NetCashProvidedByUsedInInvestingActivities,ILS,flow_with_start,development_filed_through_2022,336,0,6,6,330,0,0,3,2011-09-14,2012-05-17,2007-01-31,2012-01-01,2010-06-30,2012-03-31,91,1886,1,1
us-gaap,NetCashProvidedByUsedInInvestingActivities,USD,flow_with_start,development_filed_through_2022,8040808,47,160516,160516,7880245,0,0,72107,2009-04-15,2022-12-29,1967-05-26,2022-09-02,2006-12-31,2022-12-01,3,16961,2145,2145
us-gaap,NetCashProvidedByUsedInInvestingActivities,USD,flow_with_start,validation_filed_2023,893320,0,18836,18836,874484,0,0,8513,2023-01-04,2023-12-29,2019-01-01,2023-09-04,2019-03-31,2023-11-30,36,371,2131,2131
us-gaap,NetCashProvidedByUsedInOperatingActivities,CAD,flow_with_start,development_filed_through_2022,7628,0,233,233,7395,0,0,81,2011-04-04,2022-11-09,2004-03-22,2022-07-01,2008-12-31,2022-09-30,90,3207,5,5
us-gaap,NetCashProvidedByUsedInOperatingActivities,CAD,flow_with_start,validation_filed_2023,982,0,34,34,948,0,0,12,2023-02-09,2023-11-09,2020-01-01,2023-07-01,2020-12-31,2023-09-30,90,366,3,3
us-gaap,NetCashProvidedByUsedInOperatingActivities,CNY,flow_with_start,development_filed_through_2022,1260,0,42,42,1218,0,0,18,2012-01-31,2022-10-28,2010-07-01,2021-07-01,2010-09-30,2022-06-30,92,366,1,1
us-gaap,NetCashProvidedByUsedInOperatingActivities,CNY,flow_with_start,validation_filed_2023,150,0,5,5,145,0,0,2,2023-03-24,2023-10-30,2020-07-01,2022-07-01,2021-06-30,2023-06-30,184,365,1,1
us-gaap,NetCashProvidedByUsedInOperatingActivities,ILS,flow_with_start,development_filed_through_2022,560,0,10,10,550,0,0,3,2011-09-14,2012-05-17,2007-01-31,2012-01-01,2010-06-30,2012-03-31,90,1886,1,1
us-gaap,NetCashProvidedByUsedInOperatingActivities,USD,flow_with_start,development_filed_through_2022,8327598,47,165275,165275,8162276,0,0,73727,2009-04-15,2022-12-29,1967-05-26,2022-09-02,2006-12-31,2022-12-01,3,16961,2211,2211
us-gaap,NetCashProvidedByUsedInOperatingActivities,USD,flow_with_start,validation_filed_2023,945302,0,19709,19709,925593,0,0,8836,2023-01-05,2023-12-29,2019-01-01,2023-09-04,2019-03-31,2023-11-30,36,371,2202,2202
us-gaap,PaymentsOfDividends,USD,flow_with_start,development_filed_through_2022,2000233,78,40732,40732,1959423,0,0,18220,2009-04-15,2022-12-29,1996-06-01,2022-09-14,2007-09-30,2022-11-30,2,6502,759,759
us-gaap,PaymentsOfDividends,USD,flow_with_start,validation_filed_2023,188868,0,3942,3942,184926,0,0,1750,2023-01-04,2023-12-22,2019-11-01,2023-09-04,2020-03-31,2023-11-30,2,821,489,489
us-gaap,PaymentsOfDividends,USD,stock_without_start,development_filed_through_2022,16774,180,351,351,16243,0,0,138,2014-05-01,2022-11-09,,,2012-09-12,2022-10-26,,,38,38
us-gaap,PaymentsOfDividends,USD,stock_without_start,validation_filed_2023,5247,36,103,103,5108,0,0,30,2023-02-01,2023-11-15,,,2020-01-10,2023-09-15,,,17,16
us-gaap,PaymentsRelatedToTaxWithholdingForShareBasedCompensation,USD,flow_with_start,development_filed_through_2022,1972295,0,40352,40352,1931943,0,0,18501,2011-05-31,2022-12-29,1991-02-14,2022-09-01,2009-06-30,2022-11-30,18,8630,941,941
us-gaap,PaymentsRelatedToTaxWithholdingForShareBasedCompensation,USD,flow_with_start,validation_filed_2023,311424,0,6720,6720,304704,0,0,3017,2023-01-05,2023-12-22,2019-07-01,2023-09-04,2020-06-30,2023-11-30,36,371,832,832
us-gaap,PaymentsToAcquirePropertyPlantAndEquipment,CAD,flow_with_start,development_filed_through_2022,7715,0,236,236,7479,0,0,81,2011-04-04,2022-11-09,2004-03-22,2022-07-01,2008-12-31,2022-09-30,31,3207,5,5
us-gaap,PaymentsToAcquirePropertyPlantAndEquipment,CAD,flow_with_start,validation_filed_2023,922,0,31,31,891,0,0,12,2023-02-09,2023-11-09,2020-01-01,2023-07-01,2020-12-31,2023-09-30,90,366,3,3
us-gaap,PaymentsToAcquirePropertyPlantAndEquipment,CNY,flow_with_start,development_filed_through_2022,1530,0,51,51,1479,0,0,24,2012-01-31,2018-09-28,2010-07-01,2017-07-01,2010-09-30,2018-06-30,92,366,1,1
us-gaap,PaymentsToAcquirePropertyPlantAndEquipment,CNY,stock_without_start,development_filed_through_2022,160,0,2,2,158,0,0,2,2019-08-08,2019-11-12,,,2018-01-31,2018-01-31,,,1,1
us-gaap,PaymentsToAcquirePropertyPlantAndEquipment,ILS,flow_with_start,development_filed_through_2022,224,0,4,4,220,0,0,2,2012-03-30,2012-05-17,2007-01-31,2012-01-01,2010-12-31,2012-03-31,91,1886,1,1
us-gaap,PaymentsToAcquirePropertyPlantAndEquipment,USD,flow_with_start,development_filed_through_2022,7501246,47,147190,147190,7354009,0,0,65072,2009-04-15,2022-12-29,1967-05-26,2022-09-02,2006-12-31,2022-12-01,2,16961,1796,1796
us-gaap,PaymentsToAcquirePropertyPlantAndEquipment,USD,flow_with_start,validation_filed_2023,680431,0,14143,14143,666288,0,0,6332,2023-01-04,2023-12-28,2019-01-01,2023-09-04,2019-12-31,2023-11-30,2,371,1622,1622
us-gaap,PaymentsToAcquirePropertyPlantAndEquipment,USD,stock_without_start,development_filed_through_2022,2327,0,37,37,2290,0,0,37,2014-08-11,2022-02-28,,,2014-05-08,2020-10-08,,,12,12
us-gaap,PaymentsToAcquirePropertyPlantAndEquipment,USD,stock_without_start,validation_filed_2023,93,0,2,2,91,0,0,2,2023-03-01,2023-11-08,,,2020-02-26,2023-07-26,,,2,2
us-gaap,ProceedsFromSaleOfPropertyPlantAndEquipment,CAD,flow_with_start,development_filed_through_2022,830,0,26,26,804,0,0,11,2012-03-05,2022-11-09,2004-03-22,2022-04-01,2009-12-31,2022-09-30,183,3207,4,4
us-gaap,ProceedsFromSaleOfPropertyPlantAndEquipment,CAD,flow_with_start,validation_filed_2023,160,0,8,8,152,0,0,4,2023-02-09,2023-11-09,2020-04-01,2023-04-01,2021-03-31,2023-09-30,91,365,1,1
us-gaap,ProceedsFromSaleOfPropertyPlantAndEquipment,CNY,flow_with_start,development_filed_through_2022,1230,0,41,41,1189,0,0,20,2012-02-14,2022-10-28,2011-07-01,2020-07-01,2011-12-31,2021-06-30,92,366,1,1
us-gaap,ProceedsFromSaleOfPropertyPlantAndEquipment,CNY,flow_with_start,validation_filed_2023,150,0,5,5,145,0,0,2,2023-03-24,2023-10-30,2020-07-01,2022-07-01,2021-06-30,2023-06-30,184,365,1,1
us-gaap,ProceedsFromSaleOfPropertyPlantAndEquipment,GBP,flow_with_start,development_filed_through_2022,106,0,2,2,104,0,0,2,2017-04-07,2018-04-10,2016-12-03,2016-12-03,2016-12-31,2016-12-31,29,29,1,1
us-gaap,ProceedsFromSaleOfPropertyPlantAndEquipment,USD,flow_with_start,development_filed_through_2022,2593822,141,50949,50949,2542732,0,0,23895,2009-05-11,2022-12-29,1984-01-31,2022-09-01,2007-09-30,2022-11-30,2,10678,1154,1154
us-gaap,ProceedsFromSaleOfPropertyPlantAndEquipment,USD,flow_with_start,validation_filed_2023,226830,0,4622,4622,222208,0,0,2144,2023-01-04,2023-12-29,2019-01-01,2023-08-01,2019-12-31,2023-11-30,31,371,691,691
us-gaap,ProceedsFromSaleOfPropertyPlantAndEquipment,USD,stock_without_start,development_filed_through_2022,1890,0,27,27,1863,0,0,26,2013-02-27,2022-12-14,,,2012-11-30,2021-12-22,,,9,9
us-gaap,ProceedsFromSaleOfPropertyPlantAndEquipment,USD,stock_without_start,validation_filed_2023,164,0,2,2,162,0,0,2,2023-06-30,2023-12-14,,,2021-09-21,2021-12-22,,,2,2
us-gaap,PropertyPlantAndEquipmentNet,CAD,stock_without_start,development_filed_through_2022,5649,0,176,176,5473,0,0,82,2011-04-04,2022-11-09,,,2009-12-31,2022-09-30,,,5,5
us-gaap,PropertyPlantAndEquipmentNet,CAD,stock_without_start,validation_filed_2023,643,0,23,23,620,0,0,11,2023-02-09,2023-11-09,,,2020-12-31,2023-09-30,,,3,3
us-gaap,PropertyPlantAndEquipmentNet,CNY,stock_without_start,development_filed_through_2022,1860,0,62,62,1798,0,0,31,2012-01-31,2022-10-28,,,2011-06-30,2022-06-30,,,1,1
us-gaap,PropertyPlantAndEquipmentNet,CNY,stock_without_start,validation_filed_2023,120,0,4,4,116,0,0,2,2023-03-24,2023-10-30,,,2022-06-30,2023-06-30,,,1,1
us-gaap,PropertyPlantAndEquipmentNet,ILS,stock_without_start,development_filed_through_2022,112,0,2,2,110,0,0,1,2012-05-17,2012-05-17,,,2011-12-31,2012-03-31,,,1,1
us-gaap,PropertyPlantAndEquipmentNet,USD,stock_without_start,development_filed_through_2022,8106114,508,160269,160269,7945337,0,0,77553,2009-04-15,2022-12-29,,,2006-12-31,2022-11-30,,,1988,1988
us-gaap,PropertyPlantAndEquipmentNet,USD,stock_without_start,validation_filed_2023,682240,58,14186,14186,667996,0,0,6931,2023-01-05,2023-12-29,,,2019-12-31,2023-11-30,,,1785,1785
us-gaap,RetainedEarningsAccumulatedDeficit,CAD,stock_without_start,development_filed_through_2022,5727,0,177,177,5550,0,0,83,2011-04-04,2022-11-09,,,2008-12-31,2022-09-30,,,5,5
us-gaap,RetainedEarningsAccumulatedDeficit,CAD,stock_without_start,validation_filed_2023,748,0,27,27,721,0,0,12,2023-02-09,2023-11-09,,,2021-12-31,2023-09-30,,,3,3
us-gaap,RetainedEarningsAccumulatedDeficit,CNY,stock_without_start,development_filed_through_2022,720,0,24,24,696,0,0,12,2016-05-16,2022-10-28,,,2015-06-30,2022-06-30,,,1,1
us-gaap,RetainedEarningsAccumulatedDeficit,CNY,stock_without_start,validation_filed_2023,120,0,4,4,116,0,0,2,2023-03-24,2023-10-30,,,2022-06-30,2023-06-30,,,1,1
us-gaap,RetainedEarningsAccumulatedDeficit,ILS,stock_without_start,development_filed_through_2022,336,0,6,6,330,0,0,3,2011-09-14,2012-05-17,,,2010-12-31,2012-03-31,,,1,1
us-gaap,RetainedEarningsAccumulatedDeficit,USD,stock_without_start,development_filed_through_2022,8744805,397,173607,173607,8570801,0,0,83765,2009-04-15,2022-12-29,,,1997-06-30,2022-12-01,,,2120,2120
us-gaap,RetainedEarningsAccumulatedDeficit,USD,stock_without_start,validation_filed_2023,829802,70,17430,17430,812302,0,0,8434,2023-01-04,2023-12-29,,,2014-06-30,2023-11-30,,,2108,2108
us-gaap,StockIssuedDuringPeriodSharesShareBasedCompensation,shares,flow_with_start,development_filed_through_2022,237103,35,4953,4953,232115,0,0,2182,2009-08-10,2022-12-29,2007-01-01,2022-09-01,2007-12-31,2022-11-30,12,1623,247,247
us-gaap,StockIssuedDuringPeriodSharesShareBasedCompensation,shares,flow_with_start,validation_filed_2023,20892,0,469,469,20423,0,0,179,2023-02-02,2023-12-20,2019-01-01,2023-09-01,2019-12-31,2023-11-30,12,371,78,78
us-gaap,StockIssuedDuringPeriodSharesShareBasedCompensation,shares,stock_without_start,development_filed_through_2022,333,0,7,7,326,0,0,7,2014-08-07,2017-04-11,,,2014-06-27,2015-06-26,,,2,2
us-gaap,StockIssuedDuringPeriodSharesShareBasedCompensation,shares,stock_without_start,validation_filed_2023,126,0,2,2,124,0,0,2,2023-10-30,2023-10-30,,,2023-09-13,2023-09-13,,,2,2
us-gaap,StockIssuedDuringPeriodValueShareBasedCompensation,CAD,flow_with_start,development_filed_through_2022,1258,0,34,34,1224,0,0,13,2011-04-04,2017-07-20,2008-01-01,2017-01-01,2008-12-31,2017-06-30,90,366,1,1
us-gaap,StockIssuedDuringPeriodValueShareBasedCompensation,USD,flow_with_start,development_filed_through_2022,2216574,0,46617,46617,2169957,0,0,17741,2009-07-24,2022-12-29,1984-12-05,2022-09-02,2002-12-31,2022-12-01,7,9492,977,977
us-gaap,StockIssuedDuringPeriodValueShareBasedCompensation,USD,flow_with_start,validation_filed_2023,338375,0,7137,7137,331238,0,0,2214,2023-01-05,2023-12-26,2019-07-01,2023-09-01,2020-06-30,2023-11-30,61,457,637,637
us-gaap,StockIssuedDuringPeriodValueShareBasedCompensation,USD,stock_without_start,development_filed_through_2022,204,0,3,3,201,0,0,3,2018-11-01,2019-05-02,,,2018-06-29,2018-06-29,,,1,1
us-gaap,StockRepurchaseProgramAuthorizedAmount1,TND,stock_without_start,development_filed_through_2022,25,0,1,1,24,0,0,1,2022-09-12,2022-09-12,,,2020-12-31,2020-12-31,,,1,1
us-gaap,StockRepurchaseProgramAuthorizedAmount1,USD,stock_without_start,development_filed_through_2022,496120,567,10413,10413,485140,0,0,7657,2014-06-25,2022-12-29,,,1995-04-30,2022-10-31,,,769,766
us-gaap,StockRepurchaseProgramAuthorizedAmount1,USD,stock_without_start,validation_filed_2023,85197,34,1870,1870,83293,0,0,1344,2023-01-05,2023-12-22,,,2000-05-31,2023-11-07,,,491,491
us-gaap,StockRepurchaseProgramRemainingAuthorizedRepurchaseAmount1,CAD,stock_without_start,development_filed_through_2022,185,0,5,5,180,0,0,4,2015-02-23,2016-04-20,,,2014-12-31,2016-03-31,,,1,1
us-gaap,StockRepurchaseProgramRemainingAuthorizedRepurchaseAmount1,CAD,stock_without_start,validation_filed_2023,20,0,1,1,19,0,0,1,2023-02-09,2023-02-09,,,2022-10-24,2022-10-24,,,1,1
us-gaap,StockRepurchaseProgramRemainingAuthorizedRepurchaseAmount1,USD,stock_without_start,development_filed_through_2022,342495,69,7266,7266,335160,0,0,6010,2014-07-10,2022-12-29,,,2011-03-31,2022-11-30,,,547,547
us-gaap,StockRepurchaseProgramRemainingAuthorizedRepurchaseAmount1,USD,stock_without_start,validation_filed_2023,60180,730,1311,1311,58139,0,0,1122,2023-01-05,2023-12-22,,,2011-12-21,2023-11-30,,,389,389
us-gaap,StockholdersEquity,CAD,stock_without_start,development_filed_through_2022,9307,0,269,269,9038,0,0,84,2011-04-04,2022-11-09,,,2003-12-31,2022-09-30,,,5,5
us-gaap,StockholdersEquity,CAD,stock_without_start,validation_filed_2023,896,0,31,31,865,0,0,12,2023-02-09,2023-11-09,,,2019-12-31,2023-09-30,,,3,3
us-gaap,StockholdersEquity,CNY,stock_without_start,development_filed_through_2022,1860,0,62,62,1798,0,0,31,2012-01-31,2022-10-28,,,2011-06-30,2022-06-30,,,1,1
us-gaap,StockholdersEquity,CNY,stock_without_start,validation_filed_2023,120,0,4,4,116,0,0,2,2023-03-24,2023-10-30,,,2022-06-30,2023-06-30,,,1,1
us-gaap,StockholdersEquity,EUR,stock_without_start,development_filed_through_2022,73,0,1,1,72,0,0,1,2012-12-20,2012-12-20,,,2011-09-30,2011-09-30,,,1,1
us-gaap,StockholdersEquity,ILS,stock_without_start,development_filed_through_2022,784,0,14,14,770,0,0,3,2011-09-14,2012-05-17,,,2007-12-31,2012-03-31,,,1,1
us-gaap,StockholdersEquity,USD,stock_without_start,development_filed_through_2022,13139435,464,257595,257595,12881376,0,0,83432,2009-04-15,2022-12-29,,,1988-08-04,2022-12-01,,,2151,2151
us-gaap,StockholdersEquity,USD,stock_without_start,validation_filed_2023,1627774,48,33349,33349,1594377,0,0,8352,2023-01-04,2023-12-29,,,2013-12-31,2023-11-30,,,2092,2092
