id,kind,stage,loss,learning_rate,seed,epochs,alpha,train_n,train_mae,train_mse,train_rmse,train_bias,validation_n,validation_mae,validation_mse,validation_rmse,validation_bias
US-natural/rnn-mse-0.0001-s42,rnn,base,mse,0.0001,42,30,,205,0.020059917204751764,0.0006869980650470535,0.02621064793260658,-0.0043737659200875755,200,0.04010639070545846,0.0024479131329187727,0.04947638965121417,0.030007036276170237
US-natural/rnn-mse-0.0001-s43,rnn,base,mse,0.0001,43,30,,205,0.02195648096472826,0.000835183397546074,0.028899539746267137,-0.0004377188585366669,200,0.04473279220188003,0.003345263649363661,0.05783825420397525,-0.02776734506337978
US-natural/rnn-mse-0.0001-s44,rnn,base,mse,0.0001,44,30,,205,0.017714106236602155,0.0005795316322120297,0.02407346323676819,0.0012885946219800919,200,0.021513253416766697,0.0007469569426537249,0.027330513033123345,0.008814570814379674
US-natural/rnn-mse-0.001-s42,rnn,base,mse,0.001,42,30,,205,0.01373837870443271,0.00038576358014402143,0.019640865055898668,-0.0006454889473604982,200,0.02140329846264156,0.0007146556453438914,0.026733044071782987,0.010592399215334275
US-natural/rnn-mse-0.001-s43,rnn,base,mse,0.001,43,30,,205,0.01349669173800001,0.0003451583935741032,0.01857843894341242,-0.0006814524274260066,200,0.018630225802845797,0.0006335951705181267,0.025171316424019756,-0.002892957344642659
US-natural/rnn-mse-0.001-s44,rnn,base,mse,0.001,44,30,,205,0.01602023806876535,0.00047155470540918804,0.021715310391730257,0.006951234860660582,200,0.017342646679845607,0.0004908639001093343,0.02215544854227362,0.009104770518847923
US-natural/rnn-mae-0.0001-s42,rnn,base,mae,0.0001,42,30,,205,0.020977528241165652,0.0007333946111162015,0.027081259407867306,0.006830844345158677,200,0.04369161601573764,0.00247737979486689,0.04977328394698194,0.03850174030662439
US-natural/rnn-mae-0.0001-s43,rnn,base,mae,0.0001,43,30,,205,0.016901836573184816,0.0005663112704016295,0.02379729544300422,0.008286380212023972,200,0.03331748889509148,0.001922937110582531,0.043851306828674226,-0.012153833560637015
US-natural/rnn-mae-0.0001-s44,rnn,base,mae,0.0001,44,30,,205,0.016476639775236515,0.0005104284411096301,0.02259266343549671,0.008753457800186746,200,0.020706603523395192,0.0007091882568049029,0.026630588743114615,0.011407251715668658
US-natural/rnn-mae-0.001-s42,rnn,base,mae,0.001,42,30,,205,0.03227546311686789,0.0013266791255440037,0.03642360670696964,-0.029459336610559522,200,0.03284486141059312,0.0013829777822476346,0.037188409245995376,-0.03131528343631961
US-natural/rnn-mae-0.001-s43,rnn,base,mae,0.001,43,30,,205,0.014009363990272318,0.00041700156276322975,0.020420616121048594,0.005560073863711782,200,0.0159345945909943,0.00045304783355138367,0.021284920332277114,0.0022318189069714355
US-natural/rnn-mae-0.001-s44,rnn,base,mae,0.001,44,30,,205,0.013917488871086448,0.00040973866478575963,0.020242002489520638,-0.0019638167755119218,200,0.015254338016372998,0.0004162910485868636,0.020403211722345667,-0.001562765106550236
US-natural/rnn-huber-0.0001-s42,rnn,base,huber,0.0001,42,30,,205,0.020496479747549937,0.0006776894441522519,0.026032469036805783,-0.012910525729474013,200,0.029409005390585975,0.0013132579101328076,0.036238900509436095,0.017170593621217825
US-natural/rnn-huber-0.0001-s43,rnn,base,huber,0.0001,43,30,,205,0.01578556254273907,0.0005030065789132455,0.02242780816114775,0.004831614498227591,200,0.03424991347654013,0.0019631383153790134,0.04430731672510776,-0.016986459285012263
US-natural/rnn-huber-0.0001-s44,rnn,base,huber,0.0001,44,30,,205,0.014587080143625867,0.0004440160101153682,0.02107168740550619,0.0033938124306105,200,0.019484434304411147,0.0006328967448659839,0.025157439155565575,0.006288552530118448
US-natural/rnn-huber-0.001-s42,rnn,base,huber,0.001,42,30,,205,0.022127958833321682,0.0008091491412912049,0.02844554695011514,-0.012720718399874563,200,0.02293413927656558,0.0007828753217868699,0.02797990925265609,-0.011930546458802005
US-natural/rnn-huber-0.001-s43,rnn,base,huber,0.001,43,30,,205,0.013538269118986422,0.00038437801058701363,0.019605560705754213,-0.0015198289000619735,200,0.016290088983839587,0.00044536371675261527,0.021103642262714162,-0.004232055708757419
US-natural/rnn-huber-0.001-s44,rnn,base,huber,0.001,44,30,,205,0.015317180788514661,0.0004445244819825414,0.02108374923922549,-0.005227533138837274,200,0.01600393952640462,0.0004390649067853601,0.0209538756984325,-0.004572751983991642
US-natural/lstm-mse-0.0001-s42,lstm,base,mse,0.0001,42,30,,205,0.01739894687057941,0.000560316911229546,0.023671014157182747,0.0040733803593317654,200,0.029612579296963624,0.0014508280811917598,0.03808973721610271,0.020093513842680676
US-natural/lstm-mse-0.0001-s43,lstm,base,mse,0.0001,43,30,,205,0.013961796011851062,0.0003677987965050161,0.0191780811476283,-0.00024830790891104785,200,0.027148056730064037,0.001170377416922235,0.03421077925043852,-0.009104071013620872
US-natural/lstm-mse-0.0001-s44,lstm,base,mse,0.0001,44,30,,205,0.014977148595802214,0.0004007700369035621,0.020019241666545767,0.00012071578631362123,200,0.019990591641819853,0.0007167958621138135,0.026773043572104638,0.0028087880313482096
US-natural/lstm-mse-0.001-s42,lstm,base,mse,0.001,42,30,,205,0.014866058863157033,0.00039727575909756616,0.01993177762011121,-0.005608727048540505,200,0.01983400859003956,0.0006870396875243185,0.026211441919976826,0.004580561131247501
US-natural/lstm-mse-0.001-s43,lstm,base,mse,0.001,43,30,,205,0.04107373283273999,0.0025333370416186418,0.050332266406537284,-0.04009200619097842,200,0.03817515697838979,0.0021961962456562263,0.04686359189878883,-0.03209458706527092
US-natural/lstm-mse-0.001-s44,lstm,base,mse,0.001,44,30,,205,0.01352774635867069,0.0003512274532839962,0.01874106329117951,-0.0023101951760703,200,0.018219161922030134,0.0005721362255034531,0.02391936925387986,-0.0061713114157233425
US-natural/lstm-mae-0.0001-s42,lstm,base,mae,0.0001,42,30,,205,0.018103903579506458,0.000625702923225985,0.025014054513932463,0.010083635340646028,200,0.029022484193205144,0.0013268380367643837,0.03642578807334693,0.02136175126210712
US-natural/lstm-mae-0.0001-s43,lstm,base,mae,0.0001,43,30,,205,0.016724360516379592,0.0005521888242630434,0.02349869835252675,0.01194046320375194,200,0.02563372991819597,0.001078460855401863,0.03283992776182467,4.159516096971516e-05
US-natural/lstm-mae-0.0001-s44,lstm,base,mae,0.0001,44,30,,205,0.018628899293634798,0.0005873939686525004,0.024236211928692578,-0.0111665332932511,200,0.021589876890507273,0.0008337328363768981,0.02887443222605248,-0.010648555696002024
US-natural/lstm-mae-0.001-s42,lstm,base,mae,0.001,42,30,,205,0.015426185541356987,0.00047231873459670747,0.02173289521892349,0.0001453508948194285,200,0.019223281334848387,0.0006287968406314085,0.025075821833619102,0.0012452580444600391
US-natural/lstm-mae-0.001-s43,lstm,base,mae,0.001,43,30,,205,0.015304738575177342,0.0004934593660315107,0.02221394530540468,-0.00038116540823719523,200,0.017695306857526356,0.000564915787992406,0.02376795716910492,0.0006935633197512436
US-natural/lstm-mae-0.001-s44,lstm,base,mae,0.001,44,30,,205,0.014001818851393436,0.0004142991745586887,0.020354340435363872,-0.0024462450311164563,200,0.015730866119999617,0.00041999890179176945,0.020493874738364375,-0.005059990897766133
US-natural/lstm-huber-0.0001-s42,lstm,base,huber,0.0001,42,30,,205,0.023065327074285522,0.0009086961748232851,0.03014458781976103,0.018587019538276562,200,0.035405891730039885,0.0018862412726878275,0.04343087925299035,0.03058787688986324
US-natural/lstm-huber-0.0001-s43,lstm,base,huber,0.0001,43,30,,205,0.01521952337215204,0.0004706466485295342,0.021694392098640013,0.009427447679108717,200,0.02585605759845103,0.0010881657844088108,0.03298735794829302,-0.002364180289200325
US-natural/lstm-huber-0.0001-s44,lstm,base,huber,0.0001,44,30,,205,0.014247303291094084,0.00040841096981674845,0.020209180335103858,-0.0008564357820293788,200,0.019725610662051724,0.0006882097082733667,0.026233751319118787,-0.0006682305186901285
US-natural/lstm-huber-0.001-s42,lstm,base,huber,0.001,42,30,,205,0.023889416525838703,0.0008436773979214195,0.029046125351265346,0.021643689736629893,200,0.023159880362753314,0.0008616379244244292,0.029353669692636884,0.019132350035020333
US-natural/lstm-huber-0.001-s43,lstm,base,huber,0.001,43,30,,205,0.015023192877254834,0.0005232743836479549,0.022875191445055818,0.0030867903409721393,200,0.01723293202454317,0.0005628248864315603,0.023723930669928207,0.003360107507565241
US-natural/lstm-huber-0.001-s44,lstm,base,huber,0.001,44,30,,205,0.01315455001253871,0.00038290901113234636,0.01956806099572327,0.00210680778824023,200,0.015311687032025885,0.00041611840164934257,0.020398980407102276,-0.0017945287525568203
US-natural/gru-mse-0.0001-s42,gru,base,mse,0.0001,42,30,,205,0.015122361513814905,0.0004330440042453418,0.020809709374360368,-0.0013959638335569132,200,0.02411186989466823,0.0009503995518286066,0.030828550920025524,-0.01480199100076296
US-natural/gru-mse-0.0001-s43,gru,base,mse,0.0001,43,30,,205,0.016104629676787892,0.00046815429199762267,0.021636873433969674,-0.00624230666831451,200,0.025719100051016124,0.0012624717785337982,0.03553127887557382,-0.016398294471195715
US-natural/gru-mse-0.0001-s44,gru,base,mse,0.0001,44,30,,205,0.017265872771187202,0.0005231481322967054,0.022872431709302476,0.0037849832855860375,200,0.025440973707925675,0.0012417232151860811,0.03523809323993114,-0.009747191980472582
US-natural/gru-mse-0.001-s42,gru,base,mse,0.001,42,30,,205,0.01418544583329564,0.00037319577680917595,0.019318275720394303,-0.004826596498946836,200,0.017808809068278357,0.0005209991858916336,0.022825406587652138,-0.008178479388347645
US-natural/gru-mse-0.001-s43,gru,base,mse,0.001,43,30,,205,0.025798461517423397,0.0010738946212519548,0.032770331418097605,0.01324275594685911,200,0.027283700454211822,0.0013863443529152926,0.03723364544219774,0.009093137461700658
US-natural/gru-mse-0.001-s44,gru,base,mse,0.001,44,30,,205,0.012973747727038907,0.0003223621693923068,0.01795444706451042,0.0012399096208161437,200,0.018529988034531278,0.0006830851892547094,0.02613589847804566,-0.005787389293304463
US-natural/gru-mae-0.0001-s42,gru,base,mae,0.0001,42,30,,205,0.014054278958645184,0.00041977026448370927,0.020488295792566773,0.0025512714468638085,200,0.023115736981876713,0.0008819550731303538,0.02969772841700782,-0.009899244844904918
US-natural/gru-mae-0.0001-s43,gru,base,mae,0.0001,43,30,,205,0.013602235441640487,0.00042423463995942584,0.020596957055823217,0.0033197749390621476,200,0.021467020124271263,0.0008923175602506628,0.029871684924869284,-0.006760637290767212
US-natural/gru-mae-0.0001-s44,gru,base,mae,0.0001,44,30,,205,0.014153663584993568,0.0004320409900757489,0.0207855957354065,0.0042083478449108135,200,0.022886478422603888,0.001068383143185385,0.03268613074662379,-0.010751032993188879
US-natural/gru-mae-0.001-s42,gru,base,mae,0.001,42,30,,205,0.022659284378628432,0.0008334620621878992,0.028869743022546968,0.01804726824191334,200,0.021340816066433756,0.0007472210768524826,0.027335344827758852,0.01693368440867327
US-natural/gru-mae-0.001-s43,gru,base,mae,0.001,43,30,,205,0.015227972575328864,0.00045126755415583747,0.021243058964184925,-0.003381529515566867,200,0.016693536871216157,0.0004908973373138213,0.022156203133971788,-0.006894360832861443
US-natural/gru-mae-0.001-s44,gru,base,mae,0.001,44,30,,205,0.013891246124182154,0.0004037754979821529,0.02009416576974901,-0.00042576278464774976,200,0.01440594763446744,0.00039898163477529165,0.019974524644538895,-0.005415123902252694
US-natural/gru-huber-0.0001-s42,gru,base,huber,0.0001,42,30,,205,0.013450081388844874,0.0003837594611971779,0.01958977950864118,-0.0009723918573371785,200,0.024378168109591463,0.0009493181418069283,0.030811006828841674,-0.01425858614592888
US-natural/gru-huber-0.0001-s43,gru,base,huber,0.0001,43,30,,205,0.013431875738998452,0.0004230642525194421,0.02056852577409091,0.00369234603743049,200,0.02167349081711289,0.0009079447979670688,0.03013212236081403,-0.006004678957155724
US-natural/gru-huber-0.0001-s44,gru,base,huber,0.0001,44,30,,205,0.014271189350072636,0.0004367619767456425,0.020898851086737818,0.004854095443989201,200,0.02272353371267916,0.0010409729632480972,0.03226411262142657,-0.011193948067716142
US-natural/gru-huber-0.001-s42,gru,base,huber,0.001,42,30,,205,0.02039192085610645,0.0006360119553366884,0.02521927745469105,-0.014739523947696377,200,0.02358219501858791,0.0007579400571054337,0.027530711162362546,-0.01825384365021326
US-natural/gru-huber-0.001-s43,gru,base,huber,0.001,43,30,,205,0.012532988345217967,0.0003495084751630821,0.018695145764692025,-0.0033441912216597477,200,0.016913180179319195,0.0005191058993900664,0.022783895614886984,-0.009941353663793583
US-natural/gru-huber-0.001-s44,gru,base,huber,0.001,44,30,,205,0.020320874113629272,0.0006381189110901342,0.025261015638531524,-0.012457853857067543,200,0.02217705634688481,0.0007731042726105294,0.027804752698244402,-0.017829213790586967
US-natural/dlinear-mse-0.0001-s42,dlinear,base,mse,0.0001,42,30,,205,0.01668139721390989,0.0004949596017895481,0.02224768756049824,-0.0005107881925668193,200,0.023432304441760324,0.0008668358160843303,0.02944207560761181,-0.011199775166800995
US-natural/dlinear-mse-0.0001-s43,dlinear,base,mse,0.0001,43,30,,205,0.021516270139139326,0.0007300594603163929,0.02701961251232876,-0.0032582899162168443,200,0.030052498822622602,0.0015295187746375977,0.03910906256403492,-0.016565493136635797
US-natural/dlinear-mse-0.0001-s44,dlinear,base,mse,0.0001,44,30,,205,0.018412382833960652,0.0006056146840475613,0.024609239810436268,-0.0018878733164139903,200,0.027531047116666114,0.0013255935903271614,0.0364087021236292,0.002139420317494493
US-natural/dlinear-mse-0.001-s42,dlinear,base,mse,0.001,42,30,,205,0.013714948204492355,0.00033786107254680066,0.01838099759389573,-0.005679581488508522,200,0.02208319862746569,0.0007660111201091613,0.027676905898404925,-0.016153219580641767
US-natural/dlinear-mse-0.001-s43,dlinear,base,mse,0.001,43,30,,205,0.013511086178531459,0.00035006796751993637,0.018710103354068794,0.0021116264966716592,200,0.024980159129577933,0.0009658215021046685,0.031077668865355207,0.008239981144675236
US-natural/dlinear-mse-0.001-s44,dlinear,base,mse,0.001,44,30,,205,0.014169956241976842,0.00037745105177386954,0.019428099540970793,-0.0035691586770148793,200,0.02142912416782167,0.0008086864520154967,0.02843741289244675,-0.002835619222364206
US-natural/dlinear-mae-0.0001-s42,dlinear,base,mae,0.0001,42,30,,205,0.019606711041390324,0.0006296463094473892,0.02509275412240333,-0.014194624917993701,200,0.02881103945319918,0.0013121960728797637,0.03622424702985231,-0.024100220590821283
US-natural/dlinear-mae-0.0001-s43,dlinear,base,mae,0.0001,43,30,,205,0.015558235135029182,0.0005291737624812723,0.02300377713509832,0.007611723487966426,200,0.025188748211499187,0.0010650902350299533,0.03263572023151861,0.005253341108569126
US-natural/dlinear-mae-0.0001-s44,dlinear,base,mae,0.0001,44,30,,205,0.01388934300594107,0.0004117329934534239,0.020291204830010068,0.0013064884724200239,200,0.0255975246256155,0.0011617305992566293,0.03408416933499523,0.003052322318786006
US-natural/dlinear-mae-0.001-s42,dlinear,base,mae,0.001,42,30,,205,0.013942135123984819,0.00037509122709543244,0.019367272061274723,-0.00468109905329371,200,0.018399734102079273,0.0005458540523040732,0.023363519689979788,-0.010784477084866543
US-natural/dlinear-mae-0.001-s43,dlinear,base,mae,0.001,43,30,,205,0.01568482174167601,0.000461694457131059,0.021487076514292467,-0.000476997011049009,200,0.018177749803583595,0.0005371325468391017,0.02317612018520576,0.0010510976091112898
US-natural/dlinear-mae-0.001-s44,dlinear,base,mae,0.001,44,30,,205,0.023057350970471843,0.0008677931052796428,0.029458328283859605,0.014880596126994461,200,0.02221954374006531,0.0007429162203672747,0.02725648950923935,0.015205809421845892
US-natural/dlinear-huber-0.0001-s42,dlinear,base,huber,0.0001,42,30,,205,0.016072013497233095,0.00048483074777581095,0.022018872536435898,-0.005963044715094375,200,0.024773040104363063,0.0009933624048076809,0.031517652273094214,-0.01596156533434131
US-natural/dlinear-huber-0.0001-s43,dlinear,base,huber,0.0001,43,30,,205,0.015524739346676109,0.0005264444758104449,0.022944377869326616,0.00851339794904042,200,0.025033896455490475,0.0010533907485070937,0.0324559817061061,0.006374744124719124
US-natural/dlinear-huber-0.0001-s44,dlinear,base,huber,0.0001,44,30,,205,0.014259600030869034,0.0004301570423897243,0.020740227635918665,0.0030686751628581084,200,0.025307934776722333,0.0011545198773576593,0.03397822651872312,0.004113822350287061
US-natural/dlinear-huber-0.001-s42,dlinear,base,huber,0.001,42,30,,205,0.016951979971788416,0.0004781952360126258,0.021867675596931323,-0.01076099899093504,200,0.02240723425181744,0.0007430271438875944,0.027258524242658375,-0.017605676665893574
US-natural/dlinear-huber-0.001-s43,dlinear,base,huber,0.001,43,30,,205,0.013913522080240527,0.0004159039915078318,0.020393724316755676,0.005566247741893053,200,0.01690161621699808,0.0004931197246109329,0.022206299210155052,0.006457952357837181
US-natural/dlinear-huber-0.001-s44,dlinear,base,huber,0.001,44,30,,205,0.016494431293057478,0.0005387443128197027,0.023210866266033733,0.010006615935935237,200,0.016340132880981368,0.0005070016279480513,0.022516696648221986,0.008192551000052315
US-natural/rnn-post-mae-s42,rnn,posttraining,mae,0.0001,42,5,,205,0.013842070507671896,0.00039698176369964587,0.01992440121307654,0.003947076626936594,200,0.023494691516294866,0.0008433702086914743,0.02904083691444643,0.014601702824243525
US-natural/rnn-post-mse-s42,rnn,posttraining,mse,0.0001,42,5,,205,0.013242100390082492,0.00036802625852924763,0.01918401049127235,0.0001852998539955619,200,0.022051086141925927,0.0007656841916657453,0.027670999108556693,0.011076143546038489
US-natural/rnn-post-mae-s43,rnn,posttraining,mae,0.0001,43,5,,205,0.014741328471893215,0.0003935097797568882,0.019837080928324313,0.005453413532543956,200,0.01850670856668131,0.0006214029176835815,0.024927954542713317,-0.00042190027981140187
US-natural/rnn-post-mse-s43,rnn,posttraining,mse,0.0001,43,5,,205,0.013132594869077403,0.00032766389296856027,0.018101488694816245,0.00289542143328209,200,0.018190733043419047,0.0006010578822318364,0.024516481848581708,-0.001340042851856728
US-natural/rnn-post-mae-s44,rnn,posttraining,mae,0.0001,44,5,,205,0.014073952625181735,0.0003984393574356415,0.01996094580513763,-0.0029437382879993795,200,0.01501790638269312,0.0003976200659687059,0.019940412883606647,-0.0008809924274597362
US-natural/rnn-post-mse-s44,rnn,posttraining,mse,0.0001,44,5,,205,0.013678233204752713,0.0003712802167024978,0.019268632974409415,-0.0008105129473306315,200,0.015190476801698804,0.0004058004045886228,0.020144488193762154,0.0015119566619481847
US-natural/lstm-post-mae-s42,lstm,posttraining,mae,0.0001,42,5,,205,0.013295022554297027,0.00035116171689652913,0.01873930940287099,0.001146962900983607,200,0.020034824842135746,0.0006631046437493679,0.025750818312227825,0.00986768972502015
US-natural/lstm-post-mse-s42,lstm,posttraining,mse,0.0001,42,5,,205,0.01307165248253409,0.00032872780710946874,0.01813085235474242,0.0005121233153420715,200,0.02099414470557375,0.0007275165829738749,0.026972515325306146,0.009718682117768745
US-natural/lstm-post-mae-s43,lstm,posttraining,mae,0.0001,43,5,,205,0.014628520300342954,0.0004284327339510872,0.020698616715884355,0.005396452644518718,200,0.02026517246331626,0.0006611395212260407,0.025712633494569176,0.005935984760531406
US-natural/lstm-post-mse-s43,lstm,posttraining,mse,0.0001,43,5,,205,0.013496042070773647,0.00036375280940030097,0.019072304774208623,-6.232731562513818e-05,200,0.01976123828618507,0.0006332240502096916,0.02516394345506466,0.0009928704276766585
US-natural/lstm-post-mae-s44,lstm,posttraining,mae,0.0001,44,5,,205,0.012887197891084173,0.0003385165772393863,0.018398819995841753,-0.0011184620890888754,200,0.017508579805477507,0.0005256605464080345,0.0229272882480252,-0.004656748339525243
US-natural/lstm-post-mse-s44,lstm,posttraining,mse,0.0001,44,5,,205,0.013072551491320847,0.00033324031474754156,0.01825487098687749,-0.003407590319928116,200,0.018821997939694617,0.0005949661321288303,0.024391927601746244,-0.007512622751287001
US-natural/gru-post-mae-s42,gru,posttraining,mae,0.0001,42,5,,205,0.012576443337398489,0.0003333940702197162,0.018259081855879725,0.001185707010416479,200,0.015651011057747764,0.00042581504242158205,0.020635286342127218,-0.002838512115171929
US-natural/gru-post-mse-s42,gru,posttraining,mse,0.0001,42,5,,205,0.012645844151722698,0.00031524933057872816,0.01775526205322603,-0.0014084876053430217,200,0.016597759211078124,0.00046307510673647667,0.021519179973606722,-0.004870963595798988
US-natural/gru-post-mae-s43,gru,posttraining,mae,0.0001,43,5,,205,0.012601695548410943,0.0002982350840614796,0.017269484186317772,0.00297653450498542,200,0.018491748211606488,0.0006387910927999296,0.025274316861191908,-0.0050833602212283805
US-natural/gru-post-mse-s43,gru,posttraining,mse,0.0001,43,5,,205,0.012347251744173499,0.0002738029329337439,0.0165469916581155,-0.0010719349214429793,200,0.01922652332957708,0.0006715333859176109,0.02591396121625582,-0.008714243672779579
US-natural/gru-post-mae-s44,gru,posttraining,mae,0.0001,44,5,,205,0.01230949735004781,0.0003131488017302788,0.01769601089879521,7.431113528817477e-05,200,0.019039817142131845,0.0007004136341609224,0.026465328907098858,-0.007738924302152176
US-natural/gru-post-mse-s44,gru,posttraining,mse,0.0001,44,5,,205,0.012948918618291047,0.00031105704743552285,0.01763680944602858,-0.0023198722809039496,200,0.019339026671422097,0.0006739706340720983,0.025960944398694327,-0.009367354601613065
US-natural/dlinear-post-mae-s42,dlinear,posttraining,mae,0.0001,42,5,,205,0.012319533286754527,0.00030031009058693235,0.017329457307917417,0.0012187432845704906,200,0.019050970581845336,0.0006195715880462252,0.024891194990321882,-0.010224723383775731
US-natural/dlinear-post-mse-s42,dlinear,posttraining,mse,0.0001,42,5,,205,0.012525817372220754,0.00028842285364643347,0.01698301662386378,0.0030102018069716957,200,0.018635725641807963,0.0005973101270991839,0.024439928950371028,-0.008066588170817872
US-natural/dlinear-post-mae-s43,dlinear,posttraining,mae,0.0001,43,5,,205,0.013258133762628025,0.0003454176960320169,0.018585416218960954,-0.0020997550899148967,200,0.022771378105390518,0.000879259705147096,0.029652313655886886,0.002100245863207798
US-natural/dlinear-post-mse-s43,dlinear,posttraining,mse,0.0001,43,5,,205,0.01232626883027833,0.000297225875489941,0.017240240006738333,0.00017434728245231036,200,0.022575879270347005,0.000843657300031372,0.02904577938412691,0.004665760681041698
US-natural/dlinear-post-mae-s44,dlinear,posttraining,mae,0.0001,44,5,,205,0.013533756945624201,0.00035041973180259284,0.018719501376975638,-0.004271058330906117,200,0.02035008225009505,0.0007038708489128883,0.026530564428841094,-0.004194334816179056
US-natural/dlinear-post-mse-s44,dlinear,posttraining,mse,0.0001,44,5,,205,0.013247637819855355,0.00032743268175610047,0.018095101042992286,-0.0018206537330509218,200,0.020282902203750276,0.0007180555504994067,0.02679655855701263,-0.0013949558846566867
ridge-0.1,ridge,tabular,,,,,0.1,205,1.7049269727870422e-05,4.570539571528207e-10,2.137882029375851e-05,-2.58093004962403e-19,200,0.024590273109496047,0.0010039490980839868,0.0316851558002164,-0.003621627398527152
ridge-1,ridge,tabular,,,,,1.0,205,0.00016676976346241776,4.373160778504096e-08,0.00020912103620879694,-1.2671943440367164e-18,200,0.024399523640111928,0.0009906709403396249,0.03147492558116103,-0.0036051203459623493
ridge-10,ridge,tabular,,,,,10.0,205,0.001383902803813041,3.02434255199105e-06,0.0017390636998083336,-6.134997658942366e-19,200,0.023022858765113233,0.000894316716904995,0.029905128605391334,-0.0034817569894503974
boosting,boosting,tabular,,,,,,205,0.009923636220309087,0.00016934825589525038,0.013013387564168309,-1.7854932979276567e-12,200,0.015338912246112052,0.0004131671467207357,0.020326513393121203,-0.0014793147499397741
