Range,Style,Total Proj Time (ns),Total Range Time (ns),Range Instances,Proj Avg (ns),Proj Med (ns),Proj Min (ns),Proj Max (ns),Proj StdDev (ns),Total GPU Ops,Avg GPU Ops,Avg Range Lvl,Avg Num Child
:readout.observe,PushPop,46350312620,55052473489,88,526708098.0,555134015.0,95984969,2881964899,453058908.2,301493,3426.1,0.0,16.4
:readout.prepare,PushPop,9560820675,10244205560,452,21152258.1,15540712.5,8561298,777362693,45697508.8,202260,447.5,1.0,0.0
:readout.update,PushPop,4445881609,4574907630,11,404171055.4,377423589.0,324592627,792304140,132140516.8,82322,7483.8,0.0,3.0
:readout.replay,PushPop,4301684953,4358146172,11,391062268.5,373179260.0,320760274,720252485,112729124.6,81981,7452.8,1.0,0.0
:readout.apply,PushPop,3412189386,3492735242,452,7549091.6,4484156.5,1936513,262164048,21983278.4,85228,188.6,1.0,0.0
:readout.snapshot,PushPop,113645702,4968479749,86,1321461.7,228196.0,197507,60218841,6668468.3,688,8.0,1.0,0.0
:readout.clip,PushPop,82060879,93852543,11,7460079.9,668364.0,450471,64207874,18911794.4,297,27.0,1.0,0.0
:readout.emit,PushPop,29621426,85043451,452,65534.1,39472.0,11520,6241512,346834.0,1356,3.0,1.0,0.0
CCCL:cub::DeviceSelect::Flagged,PushPop,10287170,26773210,828,12424.1,12096.0,8832,83745,3539.7,1656,2.0,0.0,0.0
CCCL:cub::DeviceRadixSort,PushPop,2321068,31294337,376,6173.1,6144.0,5953,6497,122.7,376,1.0,0.0,0.0
:readout.checks,PushPop,2040839,3581511,11,185530.8,175683.0,135075,309766,51160.6,44,4.0,1.0,0.0
CCCL:cub::DeviceReduce::Sum,PushPop,1795077,49583415,828,2168.0,2080.0,1920,2528,148.1,828,1.0,0.0,0.0
