Time (%),Total Time (ns),Instances,Avg (ns),Med (ns),Min (ns),Max (ns),StdDev (ns),Range
30.1,14952095018,11,1359281365.3,1333643836.0,851590640,2231375768,339376189.2,:titans.update
29.8,14789741027,11,1344521911.5,1324141982.0,841800883,2158923981,323625698.3,:titans.backward
24.0,11913357480,88,135379062.3,133567672.0,25226556,658038540,115235070.8,:titans.observe
9.0,4450778542,226,19693710.4,17930721.0,11997590,359167666,22983578.8,:titans.prepare
5.1,2518268469,88,28616687.1,33902311.5,5600906,69738522,20388082.7,:titans.validate
1.1,527920429,88,5999095.8,1480235.0,346201,214118499,29848032.0,:titans.emit
0.6,299894990,89,3369606.6,3495025.0,151795,8739671,2207328.8,:titans.labels
0.2,82737226,11,7521566.0,1941472.0,1279677,65028101,19075381.2,:titans.clip
0.1,29889457,11,2717223.4,2788757.0,1937104,3301330,507067.5,:titans.optimizer
0.0,21826748,11,1984249.8,1852555.0,964564,3355652,642787.0,:titans.truncate
0.0,8942245,89,100474.7,96201.0,45084,339198,38303.7,:titans.read
0.0,315063,88,3580.3,3516.5,2404,11822,1045.2,:titans.control_plan
0.0,7093,1,7093.0,7093.0,7093,7093,0.0,:titans.checkpoint
