Time (%),Total Time (ns),Num Calls,Avg (ns),Med (ns),Min (ns),Max (ns),StdDev (ns),Name
69.2,3450271041,442784,7792.2,5841.0,2645,26448234,69745.7,cudaLaunchKernel
12.0,599549054,23470,25545.3,12604.0,2795,4056621,88294.3,cudaMemcpyAsync
6.6,326451554,38,8590830.4,6308322.5,133431,39143166,7595179.2,cuLibraryLoadData
3.1,155317411,442784,350.8,251.0,90,3370881,8541.1,cuKernelGetName
2.3,116289516,11221,10363.6,7294.0,2385,4180444,56972.6,cudaMemsetAsync
2.1,105231222,365,288304.7,172024.0,15990,13096648,902502.0,cudaMalloc
1.5,75338828,12904,5838.4,3857.0,651,6707368,71363.6,cudaStreamSynchronize
1.4,70562983,9980,7070.4,6122.0,2895,4375351,43932.5,cudaLaunchKernelExC
0.6,29712220,3847,7723.5,6673.0,3116,69000,4158.4,cuLaunchKernel
0.3,15908599,15685,1014.3,631.0,230,424298,3558.4,cudaStreamIsCapturing
0.3,15800371,3096,5103.5,2926.0,411,52278,5087.6,cudaEventQuery
0.2,9917711,2035,4873.6,5390.0,762,72607,3068.3,cudaEventRecordWithFlags
0.1,6316220,3847,1641.9,1152.0,271,1356081,21991.9,cuKernelGetFunction
0.1,5392876,15,359525.1,42380.0,9788,1800036,678972.3,cudaHostAlloc
0.0,328657,106,3100.5,1603.0,501,14217,3549.0,cuLibraryGetKernel
0.0,251082,11,22825.6,24286.0,17433,27151,3378.3,cudaDeviceSynchronize
0.0,179016,880,203.4,160.5,90,1734,112.9,cuGetProcAddress_v2
0.0,46938,36,1303.8,315.0,230,11241,2250.4,cudaEventCreateWithFlags
0.0,38027,38,1000.7,776.5,450,7013,1081.8,cudaGetDriverEntryPointByVersion
0.0,22312,2,11156.0,11156.0,7725,14587,4852.2,cudaStreamGetCaptureInfo
0.0,18585,2,9292.5,9292.5,2104,16481,10166.1,cudaFree
0.0,10289,1,10289.0,10289.0,10289,10289,0.0,cuLogsRegisterCallback
0.0,8887,4,2221.8,2139.0,1333,3276,914.9,cuInit
0.0,5300,1,5300.0,5300.0,5300,5300,0.0,cuLogsUnregisterCallback
0.0,3277,3,1092.3,411.0,201,2665,1366.0,cuModuleGetLoadingMode
0.0,1373,2,686.5,686.5,672,701,20.5,cudaGetDeviceProperties
