Time (%),Total Time (ns),Instances,Avg (ns),Med (ns),Min (ns),Max (ns),StdDev (ns),Category,Operation
12.5,392760330,904,434469.4,411591.0,216388,556873,84584.9,CUDA_KERNEL,"fmha_cutlassF_f32_aligned_64x64_rf_sm80(PyTorchMemEffAttention::AttentionKernel<float, cutlass::arch::Sm80, (bool)1, (int)64, (int)64, (int)64, (bool)1, (bool)1>::Params)"
8.4,263282455,27931,9426.2,1888.0,1440,218116,15406.5,CUDA_KERNEL,"void at::native::vectorized_elementwise_kernel<(int)4, at::native::AbsFunctor<float>, std::array<char *, (unsigned long)2>, (bool)0>(int, T2, T3)"
8.0,249159337,635,392376.9,392134.0,391366,393799,707.8,CUDA_KERNEL,void cutlass::Kernel2<cutlass_80_tensorop_d884gemm_64x64_16x4_tn_align1>(T1::Params)
7.4,230992385,94269,2450.4,1376.0,1184,161283,3510.9,CUDA_KERNEL,"void at::native::vectorized_elementwise_kernel<(int)4, at::native::FillFunctor<float>, std::array<char *, (unsigned long)1>, (bool)0>(int, T2, T3)"
6.1,189957627,30799,6167.7,6272.0,2496,30529,2404.5,CUDA_KERNEL,"void at::native::reduce_kernel<(int)512, (int)1, at::native::ReduceOp<bool, at::native::func_wrapper_t<bool, at::native::and_kernel_cuda(at::TensorIterator &)::[lambda() (instance 1)]::operator ()() const::[lambda() (instance 12)]::operator ()() const::[lambda(bool, bool) (instance 1)]>, unsigned int, bool, (int)4, (int)4>>(T3)"
5.3,166469108,8904,18696.0,4736.0,1984,230596,24750.4,CUDA_KERNEL,"void at::native::elementwise_kernel<(int)128, (int)2, void at::native::gpu_kernel_impl_nocast<at::native::BinaryFunctor<float, float, float, at::native::binary_internal::MulFunctor<float>>>(at::TensorIteratorBase &, const T1 &)::[lambda(int) (instance 1)]>(int, T3)"
4.4,138681319,4312,32161.7,15808.0,416,196579,33722.2,MEMORY_OPER,[CUDA memcpy Host-to-Device]
3.6,111543796,796,140130.4,146882.0,76193,166723,21037.3,CUDA_KERNEL,"void at::native::radixSortKVInPlace<(int)2, (int)-1, (int)32, (int)32, double, long, unsigned int>(at::cuda::detail::TensorInfo<T5, T7>, T7, T7, T7, at::cuda::detail::TensorInfo<T6, T7>, T7, bool)"
3.3,103473336,2712,38153.9,6560.0,3904,218244,72046.8,CUDA_KERNEL,"void at::native::<unnamed>::vectorized_layer_norm_kernel<float, float, (bool)0>(int, T2, const T1 *, const T1 *, const T1 *, T2 *, T2 *, T1 *)"
3.3,102316131,28807,3551.8,1888.0,1440,14785,3572.7,CUDA_KERNEL,"void at::native::vectorized_elementwise_kernel<(int)4, at::native::AUnaryFunctor<float, float, bool, at::native::<unnamed>::CompareEqFunctor<float>>, std::array<char *, (unsigned long)2>, (bool)0>(int, T2, T3)"
3.2,101221655,28656,3532.3,1888.0,1472,15456,3526.2,CUDA_KERNEL,"void at::native::vectorized_elementwise_kernel<(int)4, at::native::BinaryFunctor<float, float, bool, at::native::<unnamed>::CompareEqFunctor<float>>, std::array<char *, (unsigned long)3>, (bool)0>(int, T2, T3)"
2.7,85298421,2712,31452.2,36321.0,10304,74561,12114.7,CUDA_KERNEL,"std::enable_if<!T7, void>::type internal::gemvx::kernel<int, int, float, float, float, float, (bool)0, (bool)1, (bool)1, (bool)0, (int)6, (bool)0, cublasGemvParamsEx<int, cublasGemvTensorStridedBatched<const float>, cublasGemvTensorStridedBatched<const float>, cublasGemvTensorStridedBatched<float>, float>>(T13)"
2.6,80414676,28404,2831.1,1856.0,1408,10144,2131.2,CUDA_KERNEL,"void at::native::vectorized_elementwise_kernel<(int)4, at::native::BinaryFunctor<bool, bool, bool, at::native::binary_internal::MulFunctor<bool>>, std::array<char *, (unsigned long)3>, (bool)0>(int, T2, T3)"
2.4,75027289,12379,6060.9,1728.0,1440,124578,15945.4,CUDA_KERNEL,"void at::native::vectorized_elementwise_kernel<(int)4, at::native::CUDAFunctor_add<float>, std::array<char *, (unsigned long)3>, (bool)0>(int, T2, T3)"
2.2,69169918,6324,10937.7,2432.0,2016,186755,17292.4,CUDA_KERNEL,"void at::native::elementwise_kernel<(int)128, (int)2, void at::native::gpu_kernel_impl_nocast<at::native::CUDAFunctor_add<float>>(at::TensorIteratorBase &, const T1 &)::[lambda(int) (instance 1)]>(int, T3)"
2.1,66103037,1673,39511.7,19712.0,6752,143138,41571.8,CUDA_KERNEL,ampere_sgemm_32x128_tn
2.1,64820918,5364,12084.4,2432.0,1344,156386,17774.5,MEMORY_OPER,[CUDA memcpy Device-to-Device]
1.9,59924541,936,64021.9,66945.5,20736,127906,17137.2,CUDA_KERNEL,"void at::native::<unnamed>::CatArrayBatchedCopy_vectorized<at::native::<unnamed>::OpaqueType<(unsigned int)4>, unsigned int, (int)1, (int)128, (int)1, (int)16, (int)4>(char *, at::native::<unnamed>::CatArrInputTensorMetadata<T1, T2, T4, T5>, at::native::<unnamed>::TensorSizeStride<T2, (unsigned int)4>, int, T2)"
1.7,54533728,406,134319.5,121698.0,72673,173155,29661.1,CUDA_KERNEL,ampere_sgemm_128x64_tn
1.4,42691644,161,265165.5,195108.0,193956,357766,71547.2,CUDA_KERNEL,void cutlass::Kernel2<cutlass_80_tensorop_d884gemm_64x32_16x4_tn_align1>(T1::Params)
1.3,40561713,6358,6379.6,5632.0,4896,13984,1611.9,CUDA_KERNEL,ampere_sgemm_32x32_sliced1x4_tn
0.9,27049368,18186,1487.4,1184.0,672,20704,1212.2,MEMORY_OPER,[CUDA memcpy Device-to-Host]
0.8,25184579,2254,11173.3,11104.0,6592,52033,2862.8,CUDA_KERNEL,ampere_sgemm_64x32_sliced1x4_tn
0.5,16831313,2704,6224.6,6881.0,3200,8224,1695.7,CUDA_KERNEL,"void at::native::reduce_kernel<(int)512, (int)1, at::native::ReduceOp<float, at::native::func_wrapper_t<float, at::native::sum_functor<float, float, float>::operator ()(at::TensorIterator &)::[lambda(float, float) (instance 1)]>, unsigned int, float, (int)4, (int)4>>(T3)"
0.5,15499531,2252,6882.6,6784.0,3744,9857,1679.9,CUDA_KERNEL,"void at::native::reduce_kernel<(int)128, (int)4, at::native::ReduceOp<float, at::native::func_wrapper_t<float, at::native::sum_functor<float, float, float>::operator ()(at::TensorIterator &)::[lambda(float, float) (instance 1)]>, unsigned int, float, (int)4, (int)4>>(T3)"
0.5,15263287,10584,1442.1,1408.0,1248,4480,135.0,CUDA_KERNEL,"void at::native::vectorized_elementwise_kernel<(int)2, at::native::FillFunctor<long>, std::array<char *, (unsigned long)1>, (bool)0>(int, T2, T3)"
0.5,14858611,904,16436.5,15168.0,9024,43360,3517.4,CUDA_KERNEL,"void gemmk1_kernel<int, float, (int)256, (int)5, (bool)0, (bool)0, (bool)1, (bool)0, cublasGemvTensorStridedBatched<const float>, cublasGemvTensorStridedBatched<const float>, cublasGemvTensorStridedBatched<float>, float, (int)0>(cublasGemmk1Params<T2, T9, T10, T11, T12, biasType<T11::value_type, T12>::type>)"
0.4,13898690,4618,3009.7,2112.0,1792,19328,2235.2,CUDA_KERNEL,"void at::native::elementwise_kernel<(int)128, (int)2, void at::native::gpu_kernel_impl_nocast<at::native::direct_copy_kernel_cuda(at::TensorIteratorBase &)::[lambda() (instance 3)]::operator ()() const::[lambda() (instance 7)]::operator ()() const::[lambda(float) (instance 1)]>(at::TensorIteratorBase &, const T1 &)::[lambda(int) (instance 1)]>(int, T3)"
0.4,13109377,3248,4036.1,3360.0,2752,12417,1432.7,CUDA_KERNEL,"void at::native::unrolled_elementwise_kernel<at::native::direct_copy_kernel_cuda(at::TensorIteratorBase &)::[lambda() (instance 3)]::operator ()() const::[lambda() (instance 7)]::operator ()() const::[lambda(float) (instance 1)], std::array<char *, (unsigned long)2>, (int)4, TrivialOffsetCalculator<(int)1, unsigned int>, TrivialOffsetCalculator<(int)1, unsigned int>, at::native::memory::LoadWithCast<(int)1>, at::native::memory::StoreWithCast<(int)1>>(int, T1, T2, T4, T5, T6, T7)"
0.4,12785141,5120,2497.1,2369.0,2304,9632,211.0,CUDA_KERNEL,"void at::native::elementwise_kernel<(int)128, (int)2, void at::native::gpu_kernel_impl_nocast<at::native::<unnamed>::softplus_kernel(at::TensorIteratorBase &, const c10::Scalar &, const c10::Scalar &)::[lambda() (instance 1)]::operator ()() const::[lambda() (instance 2)]::operator ()() const::[lambda(float) (instance 1)]>(at::TensorIteratorBase &, const T1 &)::[lambda(int) (instance 1)]>(int, T3)"
0.4,12674725,5016,2526.9,2432.0,2176,18048,357.9,CUDA_KERNEL,"void at::native::elementwise_kernel<(int)128, (int)2, void at::native::gpu_kernel_impl_nocast<at::native::BinaryFunctor<float, float, float, at::native::binary_internal::DivFunctor<float>>>(at::TensorIteratorBase &, const T1 &)::[lambda(int) (instance 1)]>(int, T3)"
0.4,12122590,1624,7464.6,7360.0,2208,101377,2697.5,CUDA_KERNEL,"void at::native::vectorized_gather_kernel<(int)16, long>(char *, char *, T2 *, int, long, long, long, long, bool)"
0.3,10882166,2076,5241.9,5424.0,2816,128419,2933.6,CUDA_KERNEL,"void at::native::<unnamed>::CatArrayBatchedCopy_alignedK_contig<at::native::<unnamed>::OpaqueType<(unsigned int)4>, unsigned int, (int)2, (int)128, (int)1, (int)16>(T1 *, at::native::<unnamed>::CatArrInputTensorMetadata<T1, T2, T4, T5>, at::native::<unnamed>::TensorSizeStride<T2, (unsigned int)4>, int, T2)"
0.3,10597389,452,23445.6,24289.0,14784,29024,2764.1,CUDA_KERNEL,ampere_sgemm_128x128_tn
0.3,9989027,3591,2781.7,2720.0,2272,14208,373.1,CUDA_KERNEL,"void cublasLt::splitKreduce_kernel<(int)32, (int)16, int, float, float, float, float, (bool)0, float, float, float, (bool)1, (bool)1, (bool)0, (bool)0>(cublasLt::cublasSplitKParams<T6>, const T4 *, const T10 *, T9 *, T5 *, const T6 *, const T6 *, const T11 *, const T4 *, T11 *, void *, long, T6 *, int *, T6 *, T6 *, const T6 *, const T6 *, const T6 *, const T6 *, const T6 *)"
0.3,9637153,241,39988.2,7424.0,7041,171747,50594.2,CUDA_KERNEL,ampere_sgemm_64x64_tn
0.3,9220614,2168,4253.1,4032.5,3488,17536,755.7,CUDA_KERNEL,"void at::native::elementwise_kernel<(int)128, (int)4, void at::native::gpu_kernel_impl<at::native::BinaryFunctor<float, float, float, at::native::binary_internal::MulFunctor<float>>>(at::TensorIteratorBase &, const T1 &)::[lambda(int) (instance 1)]>(int, T3)"
0.3,9007082,1592,5657.7,5537.0,4608,68001,1625.8,CUDA_KERNEL,"void at::native::_scatter_gather_elementwise_kernel<(int)128, (int)8, void at::native::_cuda_scatter_gather_internal_kernel<(bool)0, at::native::OpaqueType<(int)8>, long>::operator ()<at::native::TensorAssign>(at::TensorIterator &, long, long, long, const T1 &)::[lambda(int) (instance 1)]>(int, T3)"
0.3,8974202,4528,1981.9,1504.0,1280,5792,1181.4,CUDA_KERNEL,"void at::native::vectorized_elementwise_kernel<(int)2, at::native::FillFunctor<double>, std::array<char *, (unsigned long)1>, (bool)0>(int, T2, T3)"
0.3,8859327,1592,5564.9,3872.0,2048,11936,3607.3,CUDA_KERNEL,"void at::native::elementwise_kernel<(int)128, (int)2, void at::native::gpu_kernel_impl_nocast<at::native::direct_copy_kernel_cuda(at::TensorIteratorBase &)::[lambda() (instance 3)]::operator ()() const::[lambda() (instance 4)]::operator ()() const::[lambda(long) (instance 1)]>(at::TensorIteratorBase &, const T1 &)::[lambda(int) (instance 1)]>(int, T3)"
0.2,7601545,915,8307.7,13440.0,2176,30209,5921.9,CUDA_KERNEL,"void at::native::<unnamed>::CatArrayBatchedCopy_contig<at::native::<unnamed>::OpaqueType<(unsigned int)1>, unsigned int, (int)1, (int)128, (int)1>(T1 *, at::native::<unnamed>::CatArrInputTensorMetadata<T1, T2, T4, T5>, at::native::<unnamed>::TensorSizeStride<T2, (unsigned int)4>, int, T2)"
0.2,7378761,3875,1904.2,1920.0,1536,104962,1666.6,CUDA_KERNEL,"void at::native::vectorized_elementwise_kernel<(int)4, void at::native::compare_scalar_kernel<long>(at::TensorIteratorBase &, at::native::<unnamed>::OpType, T1)::[lambda(long) (instance 1)], std::array<char *, (unsigned long)2>, (bool)0>(int, T2, T3)"
0.2,6788299,1711,3967.4,3872.0,3328,4321,199.1,CUDA_KERNEL,"void at::native::reduce_kernel<(int)512, (int)1, at::native::ReduceOp<float, at::native::NormTwoOps<float, float, float, (bool)1>, unsigned int, float, (int)4, (int)4>>(T3)"
0.2,6599602,452,14600.9,13920.0,7168,37761,3785.8,CUDA_KERNEL,"void gemv2N_kernel<int, int, float, float, float, float, (int)128, (int)1, (int)2, (int)4, (int)1, (bool)0, cublasGemvParamsEx<int, cublasGemvTensorStridedBatched<const float>, cublasGemvTensorStridedBatched<const float>, cublasGemvTensorStridedBatched<float>, float>>(T13)"
0.2,6577451,659,9981.0,9440.0,6624,13280,3010.3,CUDA_KERNEL,void cutlass::Kernel2<cutlass_80_simt_sgemm_64x64_8x5_nt_align1>(T1::Params)
0.2,6159542,2016,3055.3,2913.0,2496,4032,288.7,CUDA_KERNEL,"void at::native::elementwise_kernel<(int)128, (int)4, void at::native::gpu_kernel_impl_nocast<at::native::BinaryFunctor<float, float, bool, at::native::<unnamed>::CompareEqFunctor<float>>>(at::TensorIteratorBase &, const T1 &)::[lambda(int) (instance 1)]>(int, T3)"
0.2,5815786,3831,1518.1,1472.0,1312,1920,123.4,CUDA_KERNEL,"void at::native::vectorized_elementwise_kernel<(int)4, at::native::FillFunctor<bool>, std::array<char *, (unsigned long)1>, (bool)0>(int, T2, T3)"
0.2,5553308,9918,559.9,448.0,416,2144,189.7,MEMORY_OPER,[CUDA memset]
0.2,5429262,3199,1697.2,1664.0,1472,2112,150.8,CUDA_KERNEL,"void at::native::vectorized_elementwise_kernel<(int)4, at::native::AUnaryFunctor<float, float, float, at::native::binary_internal::MulFunctor<float>>, std::array<char *, (unsigned long)2>, (bool)0>(int, T2, T3)"
0.2,5377225,2988,1799.6,1760.0,1600,2304,179.3,CUDA_KERNEL,"void at::native::vectorized_elementwise_kernel<(int)4, at::native::BinaryFunctor<float, float, float, at::native::binary_internal::MulFunctor<float>>, std::array<char *, (unsigned long)3>, (bool)0>(int, T2, T3)"
0.2,5034958,1864,2701.2,2465.0,1952,8608,844.1,CUDA_KERNEL,"void cublasLt::splitKreduce_kernel<(int)32, (int)16, int, float, float, float, float, (bool)0, float, float, float, (bool)1, (bool)0, (bool)0, (bool)0>(cublasLt::cublasSplitKParams<T6>, const T4 *, const T10 *, T9 *, T5 *, const T6 *, const T6 *, const T11 *, const T4 *, T11 *, void *, long, T6 *, int *, T6 *, T6 *, const T6 *, const T6 *, const T6 *, const T6 *, const T6 *)"
0.2,4743993,2260,2099.1,2016.0,1888,6240,172.9,CUDA_KERNEL,"void at::native::vectorized_elementwise_kernel<(int)4, at::native::<unnamed>::silu_kernel(at::TensorIteratorBase &)::[lambda() (instance 1)]::operator ()() const::[lambda() (instance 2)]::operator ()() const::[lambda(float) (instance 1)], std::array<char *, (unsigned long)2>, (bool)0>(int, T2, T3)"
0.1,4680079,2507,1866.8,1792.0,1664,2272,134.6,CUDA_KERNEL,"void at::native::vectorized_elementwise_kernel<(int)4, at::native::<unnamed>::launch_clamp_scalar(at::TensorIteratorBase &, c10::Scalar, c10::Scalar, at::native::detail::ClampLimits)::[lambda() (instance 1)]::operator ()() const::[lambda() (instance 7)]::operator ()() const::[lambda(float) (instance 1)], std::array<char *, (unsigned long)2>, (bool)0>(int, T2, T3)"
0.1,4597131,2184,2104.9,2112.0,1792,7328,230.1,CUDA_KERNEL,"void at::native::vectorized_elementwise_kernel<(int)4, at::native::sigmoid_kernel_cuda(at::TensorIteratorBase &)::[lambda() (instance 2)]::operator ()() const::[lambda() (instance 2)]::operator ()() const::[lambda(float) (instance 1)], std::array<char *, (unsigned long)2>, (bool)0>(int, T2, T3)"
0.1,4562441,1280,3564.4,3520.0,2913,9248,344.1,CUDA_KERNEL,"void at::native::<unnamed>::CatArrayBatchedCopy<at::native::<unnamed>::OpaqueType<(unsigned int)4>, unsigned int, (int)2, (int)64, (int)64>(T1 *, at::native::<unnamed>::CatArrInputTensorMetadata<T1, T2, T4, T5>, at::native::<unnamed>::TensorSizeStride<T2, (unsigned int)4>, int, T2)"
0.1,4301219,2628,1636.7,1600.0,1504,1984,116.3,CUDA_KERNEL,"void at::native::vectorized_elementwise_kernel<(int)4, at::native::BUnaryFunctor<float, float, float, at::native::binary_internal::MulFunctor<float>>, std::array<char *, (unsigned long)2>, (bool)0>(int, T2, T3)"
0.1,3732552,1808,2064.5,2080.0,1792,2976,176.0,CUDA_KERNEL,"void at::native::vectorized_elementwise_kernel<(int)4, at::native::GeluCUDAKernelImpl(at::TensorIteratorBase &, at::native::GeluType)::[lambda() (instance 2)]::operator ()() const::[lambda() (instance 2)]::operator ()() const::[lambda(float) (instance 1)], std::array<char *, (unsigned long)2>, (bool)0>(int, T2, T3)"
0.1,3653184,1504,2429.0,2368.0,2208,3040,179.5,CUDA_KERNEL,"void at::native::elementwise_kernel<(int)128, (int)2, void at::native::gpu_kernel_impl_nocast<at::native::<unnamed>::softplus_backward_kernel(at::TensorIteratorBase &, const c10::Scalar &, const c10::Scalar &)::[lambda() (instance 1)]::operator ()() const::[lambda() (instance 2)]::operator ()() const::[lambda(float, float) (instance 1)]>(at::TensorIteratorBase &, const T1 &)::[lambda(int) (instance 1)]>(int, T3)"
0.1,3641327,752,4842.2,5040.0,3616,6305,788.4,CUDA_KERNEL,"void at::native::_scatter_gather_elementwise_kernel<(int)128, (int)8, void at::native::_cuda_scatter_gather_internal_kernel<(bool)0, at::native::OpaqueType<(int)4>, long>::operator ()<at::native::TensorAssign>(at::TensorIterator &, long, long, long, const T1 &)::[lambda(int) (instance 1)]>(int, T3)"
0.1,3599581,1924,1870.9,1856.0,1600,2400,143.6,CUDA_KERNEL,"void at::native::vectorized_elementwise_kernel<(int)4, at::native::<unnamed>::masked_fill_kernel(at::TensorIterator &, const c10::Scalar &)::[lambda() (instance 1)]::operator ()() const::[lambda() (instance 7)]::operator ()() const::[lambda(float, bool) (instance 1)], std::array<char *, (unsigned long)3>, (bool)0>(int, T2, T3)"
0.1,3243028,904,3587.4,3584.0,1504,8096,1040.8,CUDA_KERNEL,"void at::native::vectorized_elementwise_kernel<(int)4, at::native::CUDAFunctorOnOther_add<float>, std::array<char *, (unsigned long)2>, (bool)0>(int, T2, T3)"
0.1,3183962,796,4000.0,3904.0,3360,4384,180.4,CUDA_KERNEL,"void at::native::reduce_kernel<(int)512, (int)1, at::native::ReduceOp<float, at::native::func_wrapper_t<float, at::native::MaxNanFunctor<float>>, unsigned int, float, (int)4, (int)4>>(T3)"
0.1,3068381,1832,1674.9,1632.0,1504,6176,162.7,CUDA_KERNEL,"void at::native::vectorized_elementwise_kernel<(int)4, at::native::neg_kernel_cuda(at::TensorIteratorBase &)::[lambda() (instance 2)]::operator ()() const::[lambda() (instance 7)]::operator ()() const::[lambda(float) (instance 1)], std::array<char *, (unsigned long)2>, (bool)0>(int, T2, T3)"
0.1,3003848,452,6645.7,6656.0,5152,7168,458.5,CUDA_KERNEL,"void at::native::<unnamed>::CatArrayBatchedCopy<at::native::<unnamed>::OpaqueType<(unsigned int)4>, unsigned int, (int)3, (int)64, (int)64>(T1 *, at::native::<unnamed>::CatArrInputTensorMetadata<T1, T2, T4, T5>, at::native::<unnamed>::TensorSizeStride<T2, (unsigned int)4>, int, T2)"
0.1,2940464,1280,2297.2,2177.0,2112,2656,181.3,CUDA_KERNEL,"void at::native::elementwise_kernel<(int)128, (int)2, void at::native::gpu_kernel_impl_nocast<at::native::AbsFunctor<float>>(at::TensorIteratorBase &, const T1 &)::[lambda(int) (instance 1)]>(int, T3)"
0.1,2858420,796,3591.0,3552.0,3200,3968,174.3,CUDA_KERNEL,"void at::native::unrolled_elementwise_kernel<at::native::direct_copy_kernel_cuda(at::TensorIteratorBase &)::[lambda() (instance 3)]::operator ()() const::[lambda() (instance 6)]::operator ()() const::[lambda(double) (instance 1)], std::array<char *, (unsigned long)2>, (int)4, TrivialOffsetCalculator<(int)1, unsigned int>, TrivialOffsetCalculator<(int)1, unsigned int>, at::native::memory::LoadWithCast<(int)1>, at::native::memory::StoreWithCast<(int)1>>(int, T1, T2, T4, T5, T6, T7)"
0.1,2831485,1472,1923.6,1888.0,1664,2336,135.9,CUDA_KERNEL,"void at::native::vectorized_elementwise_kernel<(int)4, at::native::<unnamed>::where_kernel_impl(at::TensorIterator &)::[lambda() (instance 1)]::operator ()() const::[lambda() (instance 3)]::operator ()() const::[lambda(bool, unsigned int, unsigned int) (instance 1)], std::array<char *, (unsigned long)4>, (bool)0>(int, T2, T3)"
0.1,2639819,1472,1793.4,1760.0,1600,2240,142.4,CUDA_KERNEL,"void at::native::vectorized_elementwise_kernel<(int)4, at::native::<unnamed>::CompareFunctor<float>, std::array<char *, (unsigned long)3>, (bool)0>(int, T2, T3)"
0.1,2636271,904,2916.2,2912.0,2528,3329,203.8,CUDA_KERNEL,"std::enable_if<!T7, void>::type internal::gemvx::kernel<int, int, float, float, float, float, (bool)0, (bool)1, (bool)1, (bool)0, (int)7, (bool)0, cublasGemvParamsEx<int, cublasGemvTensorStridedBatched<const float>, cublasGemvTensorStridedBatched<const float>, cublasGemvTensorStridedBatched<float>, float>>(T13)"
0.1,2382891,752,3168.7,3264.5,2528,4001,446.6,CUDA_KERNEL,"void at::native::reduce_kernel<(int)512, (int)1, at::native::ReduceOp<float, at::native::MeanOps<float, float, float, float>, unsigned int, float, (int)4, (int)4>>(T3)"
0.1,2350762,320,7346.1,7168.0,7008,8256,395.9,CUDA_KERNEL,ampere_sgemm_32x128_nn
0.1,2321068,376,6173.1,6144.0,5953,6497,122.7,CUDA_KERNEL,"void at_cuda_detail::cub::detail::radix_sort::DeviceRadixSortSingleTileKernel<at_cuda_detail::cub::detail::radix::policy_hub<long, at::cuda::cub::detail::OpaqueType<(int)8>, unsigned long long>::Policy1000, (at_cuda_detail::cub::SortOrder)0, long, at::cuda::cub::detail::OpaqueType<(int)8>, unsigned long long, at_cuda_detail::cub::detail::identity_decomposer_t>(const T3 *, T3 *, const T4 *, T4 *, T5, int, int, T6)"
0.1,2317744,1172,1977.6,1920.0,1824,2401,134.8,CUDA_KERNEL,"void at::native::vectorized_elementwise_kernel<(int)4, at::native::BinaryFunctor<float, float, float, at::native::maximum_kernel_cuda(at::TensorIteratorBase &)::[lambda() (instance 2)]::operator ()() const::[lambda() (instance 2)]::operator ()() const::[lambda(float, float) (instance 1)]>, std::array<char *, (unsigned long)3>, (bool)0>(int, T2, T3)"
0.1,2280139,752,3032.1,2976.0,2944,3360,114.2,CUDA_KERNEL,"void at::native::_assert_async_cuda_kernel<bool>(const T1 *, at::native::Msg)"
0.1,2050089,452,4535.6,4608.0,3072,4928,476.9,CUDA_KERNEL,"void at::native::<unnamed>::layer_norm_grad_input_kernel_vectorized<float, float, (bool)0>(const T1 *, const T1 *, const T2 *, const T2 *, const T1 *, T1 *, int)"
0.1,1931644,828,2332.9,2336.0,2112,2624,130.1,CUDA_KERNEL,"void at_cuda_detail::cub::detail::select::DeviceSelectSweepKernel<at_cuda_detail::cub::detail::select::policy_hub<long, bool, int, (bool)0, (at_cuda_detail::cub::SelectImpl)0>::Policy1000, thrust::THRUST_300001_SM_750_800_860_900_1000_1200_NS::counting_iterator<long, thrust::THRUST_300001_SM_750_800_860_900_1000_1200_NS::use_default, thrust::THRUST_300001_SM_750_800_860_900_1000_1200_NS::use_default, thrust::THRUST_300001_SM_750_800_860_900_1000_1200_NS::use_default>, thrust::THRUST_300001_SM_750_800_860_900_1000_1200_NS::transform_iterator<at::native::<unnamed>::NonZeroOp<bool>, const bool *, thrust::THRUST_300001_SM_750_800_860_900_1000_1200_NS::use_default, thrust::THRUST_300001_SM_750_800_860_900_1000_1200_NS::use_default>, long *, int *, at_cuda_detail::cub::ScanTileState<int, (bool)1>, at_cuda_detail::cub::NullType, at_cuda_detail::cub::NullType, int, at_cuda_detail::cub::detail::select::streaming_context_t<long, (bool)1>, (at_cuda_detail::cub::SelectImpl)0>(T2, T3, T4, T5, T6, T7, T8, T9, int, T10, at_cuda_detail::cub::detail::vsmem_t)"
0.1,1835670,720,2549.5,2496.0,2336,13216,440.2,CUDA_KERNEL,"void at::native::elementwise_kernel<(int)128, (int)2, void at::native::gpu_kernel_impl_nocast<at::native::<unnamed>::where_kernel_impl(at::TensorIterator &)::[lambda() (instance 1)]::operator ()() const::[lambda() (instance 3)]::operator ()() const::[lambda(bool, unsigned int, unsigned int) (instance 1)]>(at::TensorIteratorBase &, const T1 &)::[lambda(int) (instance 1)]>(int, T3)"
0.1,1795077,828,2168.0,2080.0,1920,2528,148.1,CUDA_KERNEL,"void at_cuda_detail::cub::detail::reduce::DeviceReduceSingleTileKernel<at_cuda_detail::cub::detail::reduce::policy_hub<int, unsigned long long, cuda::std::__4::plus<void>>::Policy1000, thrust::THRUST_300001_SM_750_800_860_900_1000_1200_NS::transform_iterator<at::native::<unnamed>::NonZeroOp<bool>, const bool *, thrust::THRUST_300001_SM_750_800_860_900_1000_1200_NS::use_default, thrust::THRUST_300001_SM_750_800_860_900_1000_1200_NS::use_default>, int *, unsigned long long, cuda::std::__4::plus<void>, int, int, cuda::std::__4::__identity>(T2, T3, T4, T5, T6, T8)"
0.1,1745944,360,4849.8,4928.0,3936,7136,315.2,CUDA_KERNEL,"void at::native::unrolled_elementwise_kernel<at::native::BinaryFunctor<float, float, float, at::native::binary_internal::DivFunctor<float>>, std::array<char *, (unsigned long)3>, (int)4, TrivialOffsetCalculator<(int)2, unsigned int>, TrivialOffsetCalculator<(int)1, unsigned int>, at::native::memory::LoadWithCast<(int)2>, at::native::memory::StoreWithCast<(int)1>>(int, T1, T2, T4, T5, T6, T7)"
0.1,1698042,807,2104.1,2016.0,1728,2496,138.2,CUDA_KERNEL,"void at::native::vectorized_elementwise_kernel<(int)4, at::native::reciprocal_kernel_cuda(at::TensorIteratorBase &)::[lambda() (instance 1)]::operator ()() const::[lambda() (instance 2)]::operator ()() const::[lambda(float) (instance 1)], std::array<char *, (unsigned long)2>, (bool)0>(int, T2, T3)"
0.1,1696674,336,5049.6,4992.0,4896,5376,131.3,CUDA_KERNEL,ampere_sgemm_32x32_sliced1x4_nn
0.1,1630551,1172,1391.3,1344.0,1248,3264,142.1,CUDA_KERNEL,"void <unnamed>::elementwise_kernel_with_index<int, at::native::arange_cuda_out(const c10::Scalar &, const c10::Scalar &, const c10::Scalar &, at::Tensor &)::[lambda() (instance 1)]::operator ()() const::[lambda() (instance 4)]::operator ()() const::[lambda(long) (instance 1)]>(T1, T2, function_traits<T2>::result_type *)"
0.1,1620603,828,1957.3,1856.0,1792,2432,146.0,CUDA_KERNEL,"void at::native::vectorized_elementwise_kernel<(int)4, at::native::bitwise_not_kernel_cuda(at::TensorIteratorBase &)::[lambda(bool) (instance 1)], std::array<char *, (unsigned long)2>, (bool)0>(int, T2, T3)"
0.1,1577143,828,1904.8,1824.0,1728,2304,149.1,CUDA_KERNEL,"void at::native::vectorized_elementwise_kernel<(int)4, at::native::tanh_kernel_cuda(at::TensorIteratorBase &)::[lambda() (instance 2)]::operator ()() const::[lambda() (instance 2)]::operator ()() const::[lambda(float) (instance 1)], std::array<char *, (unsigned long)2>, (bool)0>(int, T2, T3)"
0.1,1570424,752,2088.3,2048.0,1920,2560,159.7,CUDA_KERNEL,"void at::native::elementwise_kernel<(int)128, (int)2, void at::native::gpu_kernel_impl_nocast<at::native::BUnaryFunctor<float, float, float, at::native::binary_internal::MulFunctor<float>>>(at::TensorIteratorBase &, const T1 &)::[lambda(int) (instance 1)]>(int, T3)"
0.0,1505721,285,5283.2,5184.0,5120,5728,187.0,CUDA_KERNEL,ampere_sgemm_32x32_sliced1x4_nt
0.0,1485114,376,3949.8,3936.0,3232,4481,196.3,CUDA_KERNEL,"void at::native::reduce_kernel<(int)512, (int)1, at::native::ReduceOp<long, at::native::MinMaxOps<long, long, int>, unsigned int, long, (int)4, (int)4>>(T3)"
0.0,1453534,796,1826.0,1760.0,1696,2080,114.0,CUDA_KERNEL,"void <unnamed>::softmax_warp_forward<float, float, float, (int)3, (bool)0, (bool)0, (int)32>(T2 *, const T1 *, int, int, int, const bool *, int, bool)"
0.0,1442744,360,4007.6,3936.0,3360,8608,316.1,CUDA_KERNEL,"void at::native::reduce_kernel<(int)512, (int)1, at::native::ReduceOp<long, at::native::func_wrapper_t<long, at::native::sum_functor<long, long, long>::operator ()(at::TensorIterator &)::[lambda(long, long) (instance 1)]>, unsigned int, long, (int)4, (int)4>>(T3)"
0.0,1378808,452,3050.5,3008.0,2784,3520,209.9,CUDA_KERNEL,"void at::native::triu_tril_kernel<bool, int, (bool)1, (int)8, (bool)0>(at::cuda::detail::TensorInfo<T1, T2>, at::cuda::detail::TensorInfo<const T1, T2>, long, long, T2)"
0.0,1309583,720,1818.9,1760.0,1696,2112,115.8,CUDA_KERNEL,"void at::native::vectorized_elementwise_kernel<(int)4, void at::native::compare_scalar_kernel<float>(at::TensorIteratorBase &, at::native::<unnamed>::OpType, T1)::[lambda(float) (instance 1)], std::array<char *, (unsigned long)2>, (bool)0>(int, T2, T3)"
0.0,1278649,360,3551.8,3520.0,3264,7936,260.2,CUDA_KERNEL,"void at::native::unrolled_elementwise_kernel<at::native::direct_copy_kernel_cuda(at::TensorIteratorBase &)::[lambda() (instance 3)]::operator ()() const::[lambda() (instance 4)]::operator ()() const::[lambda(long) (instance 1)], std::array<char *, (unsigned long)2>, (int)4, TrivialOffsetCalculator<(int)1, unsigned int>, TrivialOffsetCalculator<(int)1, unsigned int>, at::native::memory::LoadWithCast<(int)1>, at::native::memory::StoreWithCast<(int)1>>(int, T1, T2, T4, T5, T6, T7)"
0.0,1127677,828,1361.9,1312.0,1248,1601,115.5,CUDA_KERNEL,"void at_cuda_detail::cub::detail::scan::DeviceCompactInitKernel<at_cuda_detail::cub::ScanTileState<int, (bool)1>, int *>(T1, int, T2)"
0.0,1052875,452,2329.4,2240.0,2080,2624,147.3,CUDA_KERNEL,"void at::native::vectorized_elementwise_kernel<(int)4, at::native::GeluBackwardCUDAKernelImpl(at::TensorIteratorBase &, at::native::GeluType)::[lambda() (instance 2)]::operator ()() const::[lambda() (instance 2)]::operator ()() const::[lambda(float, float) (instance 1)], std::array<char *, (unsigned long)3>, (bool)0>(int, T2, T3)"
0.0,975988,376,2595.7,2560.0,2336,2880,124.2,CUDA_KERNEL,"void at::native::vectorized_elementwise_kernel<(int)2, at::native::BUnaryFunctor<long, long, long, at::native::remainder_kernel_cuda(at::TensorIteratorBase &)::[lambda() (instance 1)]::operator ()() const::[lambda() (instance 4)]::operator ()() const::[lambda(long, long) (instance 1)]>, std::array<char *, (unsigned long)2>, (bool)0>(int, T2, T3)"
0.0,927284,376,2466.2,2432.0,2272,2816,122.5,CUDA_KERNEL,"void at::native::vectorized_elementwise_kernel<(int)2, at::native::BUnaryFunctor<long, long, long, at::native::binary_internal::div_trunc_kernel_cuda(at::TensorIteratorBase &)::[lambda() (instance 1)]::operator ()() const::[lambda() (instance 4)]::operator ()() const::[lambda(long, long) (instance 1)]>, std::array<char *, (unsigned long)2>, (bool)0>(int, T2, T3)"
0.0,889490,360,2470.8,2400.0,2272,2912,180.9,CUDA_KERNEL,"void at::native::elementwise_kernel<(int)128, (int)2, void at::native::gpu_kernel_impl_nocast<at::native::<unnamed>::masked_fill_kernel(at::TensorIterator &, const c10::Scalar &)::[lambda() (instance 1)]::operator ()() const::[lambda() (instance 7)]::operator ()() const::[lambda(float, bool) (instance 1)]>(at::TensorIteratorBase &, const T1 &)::[lambda(int) (instance 1)]>(int, T3)"
0.0,884621,439,2015.1,1952.0,1856,2304,114.9,CUDA_KERNEL,"void at::native::vectorized_elementwise_kernel<(int)2, at::native::CUDAFunctorOnSelf_add<long>, std::array<char *, (unsigned long)2>, (bool)0>(int, T2, T3)"
0.0,869999,376,2313.8,2240.0,2144,2720,160.8,CUDA_KERNEL,"void <unnamed>::indexing_backward_kernel_small_stride<float>(const long *, const long *, const T1 *, T1 *, long, long, long, long, bool)"
0.0,845234,376,2248.0,2176.0,2112,2624,155.3,CUDA_KERNEL,"void at::native::elementwise_kernel<(int)128, (int)2, void at::native::gpu_kernel_impl_nocast<at::native::neg_kernel_cuda(at::TensorIteratorBase &)::[lambda() (instance 2)]::operator ()() const::[lambda() (instance 7)]::operator ()() const::[lambda(float) (instance 1)]>(at::TensorIteratorBase &, const T1 &)::[lambda(int) (instance 1)]>(int, T3)"
0.0,837194,433,1933.5,1888.0,1760,2208,133.5,CUDA_KERNEL,"void at::native::vectorized_elementwise_kernel<(int)4, at::native::BinaryFunctor<long, long, bool, at::native::<unnamed>::CompareEqFunctor<long>>, std::array<char *, (unsigned long)3>, (bool)0>(int, T2, T3)"
0.0,800912,452,1771.9,1664.0,1536,2048,165.7,CUDA_KERNEL,"void at::native::vectorized_elementwise_kernel<(int)4, void at::native::<unnamed>::pow_tensor_scalar_kernel_impl<float, float>(at::TensorIteratorBase &, T2)::[lambda(float) (instance 1)], std::array<char *, (unsigned long)2>, (bool)0>(int, T2, T3)"
0.0,711055,376,1891.1,1793.0,1632,11840,540.0,CUDA_KERNEL,"void at::native::vectorized_elementwise_kernel<(int)4, at::native::tanh_backward_kernel_cuda(at::TensorIteratorBase &)::[lambda() (instance 2)]::operator ()() const::[lambda() (instance 2)]::operator ()() const::[lambda(float, float) (instance 1)], std::array<char *, (unsigned long)3>, (bool)0>(int, T2, T3)"
0.0,687753,376,1829.1,1792.0,1728,2305,120.7,CUDA_KERNEL,"void at::native::vectorized_elementwise_kernel<(int)2, at::native::AUnaryFunctor<long, long, long, at::native::binary_internal::MulFunctor<long>>, std::array<char *, (unsigned long)2>, (bool)0>(int, T2, T3)"
0.0,628392,360,1745.5,1696.0,1600,2080,127.4,CUDA_KERNEL,"void at::native::vectorized_elementwise_kernel<(int)4, at::native::sign_kernel_cuda(at::TensorIteratorBase &)::[lambda() (instance 1)]::operator ()() const::[lambda() (instance 7)]::operator ()() const::[lambda(float) (instance 1)], std::array<char *, (unsigned long)2>, (bool)0>(int, T2, T3)"
0.0,603919,387,1560.5,1504.0,1472,1856,110.8,CUDA_KERNEL,"void at::native::vectorized_elementwise_kernel<(int)4, at::native::CUDAFunctorOnSelf_add<float>, std::array<char *, (unsigned long)2>, (bool)0>(int, T2, T3)"
0.0,602672,376,1602.9,1568.0,1504,1920,114.6,CUDA_KERNEL,"void at::native::vectorized_elementwise_kernel<(int)4, at::native::sigmoid_backward_kernel_cuda(at::TensorIteratorBase &)::[lambda() (instance 2)]::operator ()() const::[lambda() (instance 2)]::operator ()() const::[lambda(float, float) (instance 1)], std::array<char *, (unsigned long)3>, (bool)0>(int, T2, T3)"
0.0,600011,80,7500.1,7408.0,5760,10368,1575.4,CUDA_KERNEL,ampere_sgemm_64x64_nn
0.0,595690,360,1654.7,1600.0,1536,1952,114.8,CUDA_KERNEL,"void <unnamed>::softmax_warp_backward<float, float, float, (int)3, (bool)0, (bool)0, (int)32>(T2 *, const T1 *, const T1 *, int, int, int, const bool *)"
0.0,571050,77,7416.2,7424.0,7200,7712,130.0,CUDA_KERNEL,void cutlass::Kernel2<cutlass_80_simt_sgemm_128x32_8x5_nt_align1>(T1::Params)
0.0,560172,168,3334.4,3312.5,2432,4736,430.6,CUDA_KERNEL,"void at::native::<unnamed>::CatArrayBatchedCopy_contig<at::native::<unnamed>::OpaqueType<(unsigned int)8>, unsigned int, (int)1, (int)128, (int)1>(T1 *, at::native::<unnamed>::CatArrInputTensorMetadata<T1, T2, T4, T5>, at::native::<unnamed>::TensorSizeStride<T2, (unsigned int)4>, int, T2)"
0.0,492391,75,6565.2,6528.0,6432,6880,116.8,CUDA_KERNEL,ampere_sgemm_64x32_sliced1x4_nt
0.0,237927,32,7435.2,7472.5,6976,7616,146.9,CUDA_KERNEL,"void at::native::reduce_kernel<(int)512, (int)1, at::native::ReduceOp<bool, at::native::func_wrapper_t<bool, at::native::or_kernel_cuda(at::TensorIterator &)::[lambda() (instance 1)]::operator ()() const::[lambda() (instance 12)]::operator ()() const::[lambda(bool, bool) (instance 1)]>, unsigned int, bool, (int)4, (int)4>>(T3)"
0.0,140066,78,1795.7,1744.0,1504,2368,184.0,CUDA_KERNEL,"void at::native::unrolled_elementwise_kernel<void at::native::compare_scalar_kernel<long>(at::TensorIteratorBase &, at::native::<unnamed>::OpType, T1)::[lambda(long) (instance 1)], std::array<char *, (unsigned long)2>, (int)4, TrivialOffsetCalculator<(int)1, unsigned int>, TrivialOffsetCalculator<(int)1, unsigned int>, at::native::memory::LoadWithoutCast, at::native::memory::StoreWithoutCast>(int, T1, T2, T4, T5, T6, T7)"
0.0,128129,40,3203.2,3152.5,2400,4320,486.0,CUDA_KERNEL,"void at::native::<unnamed>::CatArrayBatchedCopy_alignedK_contig<at::native::<unnamed>::OpaqueType<(unsigned int)8>, unsigned int, (int)1, (int)128, (int)1, (int)16>(T1 *, at::native::<unnamed>::CatArrInputTensorMetadata<T1, T2, T4, T5>, at::native::<unnamed>::TensorSizeStride<T2, (unsigned int)4>, int, T2)"
0.0,77250,26,2971.2,2896.5,2336,3680,404.6,CUDA_KERNEL,"void at::native::<unnamed>::CatArrayBatchedCopy_vectorized<at::native::<unnamed>::OpaqueType<(unsigned int)8>, unsigned int, (int)1, (int)128, (int)1, (int)16, (int)2>(char *, at::native::<unnamed>::CatArrInputTensorMetadata<T1, T2, T4, T5>, at::native::<unnamed>::TensorSizeStride<T2, (unsigned int)4>, int, T2)"
0.0,66625,36,1850.7,1808.0,1728,2048,105.3,CUDA_KERNEL,"void at::native::vectorized_elementwise_kernel<(int)2, void at::native::compare_scalar_kernel<long>(at::TensorIteratorBase &, at::native::<unnamed>::OpType, T1)::[lambda(long) (instance 1)], std::array<char *, (unsigned long)2>, (bool)0>(int, T2, T3)"
0.0,47008,22,2136.7,2208.0,1728,2656,284.0,CUDA_KERNEL,"void at::native::<unnamed>::CatArrayBatchedCopy_alignedK_contig<at::native::<unnamed>::OpaqueType<(unsigned int)4>, unsigned int, (int)1, (int)128, (int)1, (int)16>(T1 *, at::native::<unnamed>::CatArrInputTensorMetadata<T1, T2, T4, T5>, at::native::<unnamed>::TensorSizeStride<T2, (unsigned int)4>, int, T2)"
0.0,42624,11,3874.9,3840.0,3680,4352,217.2,CUDA_KERNEL,"void at::native::<unnamed>::multi_tensor_apply_kernel<at::native::<unnamed>::TensorListMetadata<(int)1>, at::native::LpNormFunctor<float, (at::native::NormType)2, float, (int)1, (int)1, (int)0>, float *, int>(T1, T2, T3...)"
0.0,41858,11,3805.3,3744.0,3585,4256,213.8,CUDA_KERNEL,"void at::native::<unnamed>::multi_tensor_apply_kernel<at::native::<unnamed>::TensorListMetadata<(int)1>, at::native::<unnamed>::BinaryOpScalarTensorFunctor<float, (int)1, (int)1, (int)0>, std::multiplies<float>, float *, float>(T1, T2, T3...)"
0.0,29986,11,2726.0,2656.0,2624,3072,153.3,CUDA_KERNEL,"void at::native::lpnorm_cleanup<float, (at::native::NormType)2, float, (bool)1, float>(const T5 *, at::native::TensorListAddresses, int)"
0.0,23968,13,1843.7,1824.0,1728,1984,67.3,CUDA_KERNEL,"void at::native::unrolled_elementwise_kernel<at::native::CUDAFunctorOnSelf_add<long>, std::array<char *, (unsigned long)2>, (int)4, TrivialOffsetCalculator<(int)1, unsigned int>, TrivialOffsetCalculator<(int)1, unsigned int>, at::native::memory::LoadWithoutCast, at::native::memory::StoreWithoutCast>(int, T1, T2, T4, T5, T6, T7)"
0.0,22656,13,1742.8,1728.0,1632,1920,67.4,CUDA_KERNEL,"void at::native::unrolled_elementwise_kernel<at::native::BinaryFunctor<long, long, bool, at::native::<unnamed>::CompareEqFunctor<long>>, std::array<char *, (unsigned long)3>, (int)4, TrivialOffsetCalculator<(int)2, unsigned int>, TrivialOffsetCalculator<(int)1, unsigned int>, at::native::memory::LoadWithoutCast, at::native::memory::StoreWithoutCast>(int, T1, T2, T4, T5, T6, T7)"
0.0,18400,11,1672.7,1632.0,1600,1952,124.0,CUDA_KERNEL,"void at::native::vectorized_elementwise_kernel<(int)4, at::native::BinaryFunctor<bool, bool, bool, at::native::logical_or_kernel_cuda(at::TensorIterator &)::[lambda() (instance 2)]::operator ()() const::[lambda() (instance 9)]::operator ()() const::[lambda(bool, bool) (instance 1)]>, std::array<char *, (unsigned long)3>, (bool)0>(int, T2, T3)"
0.0,11521,6,1920.2,1920.5,1824,2048,78.4,CUDA_KERNEL,"void at::native::vectorized_elementwise_kernel<(int)2, at::native::BinaryFunctor<long, long, bool, at::native::<unnamed>::CompareEqFunctor<long>>, std::array<char *, (unsigned long)3>, (bool)0>(int, T2, T3)"
